,code,X,동,gu,univ,police,소방서,학문.교육,부동산,생활,음식,의료,소매,관광,인접지하철,cctv,people_by_area,people_density,people_count,남성인구밀도,여성인구밀도,사업체.종사자비율,청년남자비율,청년여자비율,집세,범죄율,1인당 자동차 등록율
395,1124066,1,가락1동,송파구,1,0,7,1,5,1,59,4,55,1,4,0.464322487,0.1,0.37359550562,133,0.48505589779,0.51494410221,0.12289907978,0.15215852795,0.12314225053,14729.75207,17.106741573,26.23
396,1124067,2,가락2동,송파구,1,0,7,40,28,92,188,40,56,50,4,0.464322487,2.8,0.2214145704,2711,0.48663139834,0.51336860166,0.24170717758,0.14549233567,0.15087612944,14903.05344,0.49738647501,0.80
394,1124065,3,가락본동,송파구,1,2,7,23,30,99,442,42,72,137,4,0.464322487,3.6,0.35509499136,4112,0.49045295428,0.50954704572,0.63774265408,0.16781166823,0.16383713402,14372.93233,0.52590673575,1.05
273,1117070,4,가리봉동,구로구,3,1,7,13,15,77,238,8,74,63,0,0.463925827,9.5,0.64175824176,3796,0.46214229348,0.53785770652,1.8339909457,0.13385901577,0.10383811514,8763.888889,0.90718512257,1.28
276,1118051,5,가산동,금천구,0,1,2,26,84,138,870,52,208,209,2,0.305944659,3.4,0.68860276586,8664,0.46900485761,0.53099514239,2.7025268506,0.2484389288,0.19001959504,6840.629771,0.28969957082,2.04
251,1116064,6,가양1동,강서구,2,0,6,24,46,113,699,32,107,107,5,0.29581589,2.3,0.60067057837,10749,0.50084649002,0.49915350998,0.28166463247,0.18207863102,0.19450628158,18640.57633,0.30455434479,0.97
252,1116065,7,가양2동,강서구,2,0,6,5,12,34,66,21,22,17,2,0.29581589,3.8,0.46121696374,3752,0.50915109034,0.49084890966,1.3931318146,0.16640122511,0.15675344564,15376.75159,0.66994468347,1.42
253,1116066,8,가양3동,강서구,2,0,6,11,8,25,46,11,24,9,2,0.29581589,2.9,0.3691309987,2846,0.47344755774,0.52655244226,1.3171620598,0.17527723608,0.16415868673,14571.82741,0.70687418936,1.38
7,1101060,9,가회동,종로구,5,0,7,5,8,24,226,10,46,75,0,0.295603883,1.7,0.45081967213,935,0.47227683838,0.52772316162,0.74867828899,0.12967057263,0.14735794826,9333.333333,2.149951784,4.54
179,1112055,10,갈현1동,은평구,1,0,5,34,22,108,375,43,92,86,1,0.480012358,4.4,0.38367383674,4263,0.46443285603,0.53556714397,0.65196346769,0.15363812231,0.14372853251,11946.42857,0.40509405094,0.94
180,1112056,11,갈현2동,은평구,1,1,5,45,23,116,353,40,121,71,1,0.480012358,4.1,0.3179088944,3971,0.50342420651,0.49657579349,4.4091926775,0.1521819217,0.14888308383,11946.42857,0.3603394444,0.83
407,1125051,12,강일동,강동구,0,1,6,20,8,31,79,26,27,18,1,0.802558907,0.8,0.19232827832,2156,0.47653333333,0.52346666667,1.2962333333,0.12336953314,0.13431800744,6564.516129,0.39803746655,0.84
275,1117072,13,개봉1동,구로구,3,0,7,46,33,118,267,21,82,62,1,0.463925827,3.6,0.33269010863,4655,0.4771493764,0.5228506236,0.11707760129,0.14657862798,0.14009131365,17061.76471,0.38350485992,0.74
268,1117064,14,개봉2동,구로구,3,0,7,28,17,107,147,26,48,30,1,0.463925827,3.9,0.24823196605,3159,0.45782263879,0.54217736121,0.95271569334,0.15318012386,0.14995157172,17046.37681,0.42165645136,0.77
269,1117065,15,개봉3동,구로구,3,1,7,9,16,67,103,13,36,21,1,0.463925827,3,0.28377288955,2464,0.46472332569,0.53527667431,1.5521177195,0.15300997592,0.14236899438,17061.76471,0.61798917425,1.06
369,1123068,16,개포1동,강남구,1,0,6,6,25,28,15,6,14,4,2,2.103431263,1.3,0.31233243968,1631,0.46131142877,0.53868857123,1.0480762392,0.15773455704,0.14839031813,23226.31579,1.5605132133,1.10
379,1123080,17,개포2동,강남구,1,0,6,73,33,63,152,31,41,34,5,2.103431263,0.5,0.2316087308,1146,0.4821178217,0.5178821783,4.0453308409,0.14984499511,0.14872146974,23226.31579,1.6469280517,1.40
370,1123071,18,개포4동,강남구,1,1,6,17,18,51,194,31,48,44,2,2.103431263,2,0.37718738025,2953,0.4734357519,0.5265642481,1.0624880618,0.16567088608,0.15678481013,23318.03279,1.0408736748,1.40
382,1124053,19,거여1동,송파구,1,0,7,13,12,39,96,6,27,25,1,0.464322487,3.3,0.31679245283,1679,0.4884977344,0.5115022656,0.42639711862,0.14825036628,0.12896521176,18180,1.1490566038,1.68
383,1124054,20,거여2동,송파구,1,1,7,9,19,35,77,24,26,25,1,0.464322487,4.5,0.33038918024,2394,0.47558386412,0.52441613588,0.63225927314,0.14550865928,0.13329896182,18180,0.84046370411,1.30
411,1125055,21,고덕1동,강동구,0,1,6,16,26,47,95,9,33,13,1,0.802558907,0.9,0.16714191709,1524,0.49156491003,0.50843508997,0.33748393316,0.14740701613,0.13612776932,13000,0.48936170213,0.86
412,1125056,22,고덕2동,강동구,0,0,6,9,20,24,85,4,37,13,1,0.802558907,0.7,0.42438749648,1507,0.47065477775,0.52934522225,1.3192706947,0.14314785743,0.10983196697,10000,1.2565474514,2.62
266,1117061,23,고척1동,구로구,3,0,7,13,13,63,269,25,46,67,0,0.463925827,2.4,0.29083245522,2760,0.48667309896,0.51332690104,0.45317493819,0.14981341038,0.13755467277,10075.92593,0.56543730242,1.01
267,1117062,24,고척2동,구로구,3,1,7,47,26,102,149,23,87,32,0,0.463925827,3.5,0.30751454981,3593,0.50559755743,0.49440244257,0.072441116604,0.1427608179,0.13911973434,11631.70732,0.45926052722,0.83
221,1114077,25,공덕동,마포구,3,0,7,17,25,91,157,28,56,40,4,0.314850839,7.8,0.42695713587,7859,0.53827900587,0.46172099413,0.40527038841,0.16017014796,0.16774540824,11853.22727,0.31906339979,0.74
176,1111079,26,공릉1동,노원구,6,1,6,23,33,142,416,56,129,85,5,0.486077647,5.5,0.42955939766,7702,0.49255568108,0.50744431892,0.37687621046,0.17133557167,0.16631212036,5478.006993,0.25337423313,0.71
161,1111056,27,공릉2동,노원구,6,0,6,37,26,106,314,25,68,95,5,0.486077647,0.7,0.31637539648,5087,0.49311294766,0.50688705234,3.7768595041,0.15109122703,0.14715100039,5471.964912,0.28254244667,0.77
255,1116069,28,공항동,강서구,2,0,6,3,16,68,261,22,70,60,5,0.29581589,0.5,0.41709306044,5217,0.49607672188,0.50392327812,0.33018308631,0.17652984725,0.16458157623,9996.835443,0.43572113847,1.13
76,1105063,29,광장동,광진구,3,1,4,62,62,112,299,41,108,89,2,0.251689379,0.9,0.17604750355,2105,0.4911345154,0.5088654846,0.27031951295,0.10969014706,0.12623127225,12000,0.44509492348,0.79
23,1102059,30,광희동,중구,2,0,7,15,32,60,546,42,662,111,1,0.153731482,2.4,0.62181693049,1807,0.49648062961,0.50351937039,0.26037798592,0.14992535722,0.13915547025,7283.333333,1.5774260151,4.24
6,1101058,31,교남동,종로구,5,1,7,6,12,25,137,18,34,21,1,0.295603883,4.5,0.35108743897,1582,0.50161608906,0.49838391094,0.4669599569,0.13512597447,0.13851542199,8833.333333,0.98956946294,2.06
262,1117052,32,구로1동,구로구,3,0,7,15,25,42,96,23,48,26,6,0.463925827,1.6,0.21290734824,1666,0.48602742326,0.51397257674,0.86231437112,0.16641097374,0.16519267214,8182.708333,0.68575079872,0.96
274,1117071,33,구로2동,구로구,3,1,7,20,45,167,514,46,134,81,6,0.463925827,3.4,0.46733317833,6030,0.49855585936,0.50144414064,0.29364193014,0.14392175128,0.12822901365,8182.708333,0.41587227776,0.80
263,1117054,34,구로3동,구로구,3,1,7,40,80,137,721,55,137,177,6,0.463925827,7.7,0.57546265575,7805,0.49747194475,0.50252805525,0.38866280265,0.22018821463,0.21327810335,8122.121212,0.39563518396,1.22
264,1117055,35,구로4동,구로구,3,1,7,20,31,124,354,37,141,63,6,0.463925827,10.5,0.45212915302,4831,0.49752995585,0.50247004415,0.14478663023,0.16242460538,0.15752662874,8182.708333,0.50219934488,0.80
265,1117056,36,구로5동,구로구,3,1,7,35,41,116,426,35,107,84,6,0.463925827,6.3,0.4545136214,6490,0.48722627737,0.51277372263,0.34732360097,0.17539591758,0.18894491792,8182.708333,0.37579662441,0.90
181,1112057,37,구산동,은평구,1,0,5,20,11,104,134,19,54,22,1,0.480012358,2.6,0.28335690712,3606,0.49169785462,0.50830214538,0.10589847662,0.13982911108,0.13512217059,14478.57143,0.35368536854,0.78
73,1105060,38,구의1동,광진구,3,0,4,39,61,145,395,46,99,113,6,0.251689379,10.5,0.50785249458,5853,0.49391357273,0.50608642727,0.19080949483,0.18906565091,0.20311449698,13451.93798,0.46177874187,1.02
74,1105061,39,구의2동,광진구,3,0,4,51,32,93,198,36,75,71,6,0.251689379,2.7,0.35131086142,3752,0.5019545035,0.4980454965,0.38520006515,0.15211569363,0.14824733679,13460.83333,0.49831460674,0.93
75,1105062,40,구의3동,광진구,3,0,4,51,51,110,306,37,94,79,6,0.251689379,3.8,0.32351970971,3923,0.4979451333,0.5020548667,0.26639502617,0.15998839056,0.16384682362,13396.34146,0.4388916378,0.96
67,1105054,41,군자동,광진구,3,0,4,37,46,129,343,37,109,115,0,0.251689379,7.4,0.52954808806,5484,0.48170994737,0.51829005263,0.26719006125,0.20078398293,0.19624382862,10693.66197,0.51390498262,1.09
55,1104059,42,금호1가동,성동구,2,0,4,21,10,52,67,24,32,17,0,0.221037581,4.3,0.30870712401,1989,0.49508624148,0.50491375852,0.4506117128,0.14380880693,0.13846443357,5000,0.46965699208,1.67
64,1104072,43,금호2.3가동,성동구,2,1,4,15,28,95,220,36,68,41,1,0.221037581,5.4,0.33661244765,3456,0.48423309077,0.51576690923,0.18694646584,0.15816468871,0.16217782261,9600,0.29473069056,0.97
56,1104062,44,금호4가동,성동구,2,0,4,12,31,46,139,27,41,34,1,0.221037581,2.6,0.3346749226,2162,0.47477016298,0.52522983702,0.15263267865,0.1564918917,0.16209589857,13000,0.46842105263,1.57
424,1125074,45,길동,강동구,0,1,6,119,127,294,801,103,229,165,1,0.802558907,3.6,0.3707495952,7785,0.48237245956,0.51762754044,0.069739882681,0.16711483708,0.16709506485,9705.181818,0.21249642823,0.64
119,1108066,46,길음1동,성북구,7,1,5,45,46,97,258,73,136,42,1,0.405292278,3.2,0.1968412943,2555,0.49765258216,0.50234741784,0.1285255392,0.1262130724,0.14550176021,5250,0.28844375963,0.74
120,1108068,47,길음2동,성북구,7,0,5,29,23,44,161,19,112,29,3,0.405292278,3.3,0.38199318227,1905,0.4811982578,0.5188017422,0.25876915916,0.14075043321,0.14184673056,5250,0.75075195508,1.99
322,1121058,48,낙성대동,관악구,1,1,5,25,21,47,369,30,63,69,4,0.591651669,3.1,0.67769770529,7147,0.49907391817,0.50092608183,0.24384576528,0.25879741845,0.23616505563,9480.545295,0.53840318604,1.34
337,1121081,49,난곡동,관악구,1,0,5,19,16,78,87,29,63,22,1,0.591651669,5,0.37551689163,4813,0.49274388605,0.50725611395,0.21848965332,0.15874590233,0.13569807514,8623.068916,0.44300538348,0.77
331,1121071,50,난향동,관악구,1,1,5,6,9,29,47,14,28,10,1,0.591651669,2.3,0.28076982772,1809,0.48473063155,0.51526936845,0.19176205418,0.13568533253,0.13505479658,8623.068916,0.88126649077,1.37
199,1113069,51,남가좌1동,서대문구,9,0,5,1,12,23,115,24,69,12,1,0.335271061,2.8,0.2345780556,1426,0.49820625954,0.50179374046,0.35701620552,0.14405391317,0.15567056371,7721.212121,0.60289521303,1.45
200,1113070,52,남가좌2동,서대문구,9,1,5,11,20,71,235,26,61,53,1,0.335271061,5.5,0.41538157374,4202,0.48682050347,0.51317949653,0.18104706312,0.14793831302,0.13957293627,7255.072464,0.36229735073,1.05
35,1103053,53,남영동,용산구,2,0,6,17,17,49,312,40,62,73,3,0.416053686,3.5,0.76620752984,4172,0.48689500892,0.51310499108,0.16587563107,0.15027121141,0.12991361414,10300,0.75977961433,2.66
325,1121063,54,남현동,관악구,1,1,5,21,18,61,182,16,69,43,0,0.591651669,1.3,0.47804610318,4355,0.47572233545,0.52427766455,0.42081285218,0.20479588768,0.21726410193,9440,0.62327113063,1.28
357,1122068,55,내곡동,서초구,3,1,7,6,6,26,94,18,34,24,0,0.491841786,0.2,0.27128547579,1950,0.47578895158,0.52421104842,0.21669043338,0.15512279097,0.15966861231,16811.76471,0.69407345576,1.58
317,1120072,56,노량진1동,동작구,3,2,5,112,26,59,308,21,121,86,2,0.268762902,3.9,0.42125094197,6149,0.47443353932,0.52556646068,0.46231673331,0.18098656078,0.15891875382,5950.381679,0.22107282318,0.82
304,1120052,57,노량진2동,동작구,3,0,5,21,17,32,119,15,51,34,1,0.268762902,6.1,0.54397986296,3890,0.51246952281,0.48753047719,1.2366074538,0.18037697253,0.14680742256,6066.942149,0.45126555726,1.45
177,1112051,58,녹번동,은평구,1,2,5,13,31,100,236,17,59,38,2,0.480012358,3.3,0.40361813131,5957,0.47339972761,0.52660027239,0.66943309499,0.15117825922,0.15070315469,12925,0.30496646114,0.81
359,1123052,59,논현1동,강남구,1,1,6,59,81,232,617,143,141,166,2,2.103431263,7.3,0.64567375887,9104,0.49714285714,0.50285714286,0.15541057368,0.21317952967,0.26839164702,14707.85219,0.57794326241,1.35
360,1123053,60,논현2동,강남구,1,1,6,40,93,203,750,110,149,174,2,2.103431263,4,0.51874944331,5824,0.47899855162,0.52100144838,0.66001596169,0.17593332572,0.22274232218,14704.85751,0.72583949408,1.57
72,1105059,61,능동,광진구,3,1,4,16,19,46,146,21,70,50,2,0.251689379,3,0.53955773956,3294,0.47673525799,0.52326474201,0.30625511876,0.20452816681,0.2392500783,11648.8,0.87174447174,1.97
29,1102070,62,다산동,중구,2,0,7,11,21,47,189,36,63,52,4,0.153731482,5.8,0.4315177923,2971,0.4899566505,0.5100433495,0.22269196103,0.16829316869,0.16049259776,11732.14286,0.66579520697,1.44
94,1106091,63,답십리1동,동대문구,5,1,6,22,43,62,191,37,62,43,0,0.340924687,5.2,0.38218053927,4238,0.49590064129,0.50409935871,0.55325107557,0.16246146357,0.16284682784,8816.861702,0.43168906123,1.03
89,1106086,64,답십리2동,동대문구,5,0,6,20,19,66,131,19,75,15,0,0.340924687,4.7,0.33016745814,3963,0.48227878211,0.51772121789,0.18787662544,0.14279111963,0.13695417744,8816.861702,0.39881696243,0.84
287,1119055,65,당산1동,영등포구,0,2,6,16,37,82,362,29,308,81,0,0.32394311,6.6,0.48690020606,4962,0.49027784512,0.50972215488,0.3790185715,0.18219476922,0.17993970145,10376.82927,0.62035129035,1.18
288,1119056,66,당산2동,영등포구,0,1,6,31,61,94,285,59,83,82,1,0.32394311,5.3,0.48376220053,8178,0.48041387915,0.51958612085,0.15982962979,0.18934373891,0.22246186591,9076.979167,0.37397219757,0.82
297,1119070,67,대림1동,영등포구,0,0,6,13,11,44,151,18,70,23,0,0.32394311,5.9,0.45289798469,2899,0.49151647551,0.50848352449,0.19736027672,0.14848495247,0.12875330291,7945.555556,0.98765817841,1.33
298,1119071,68,대림2동,영등포구,0,1,6,5,24,68,237,20,79,36,0,0.32394311,5.8,0.48663183774,3167,0.48627528562,0.51372471438,0.13798902023,0.14253081943,0.13292240754,7986.516854,0.97141979103,1.03
299,1119072,69,대림3동,영등포구,0,1,6,30,20,94,239,21,71,50,0,0.32394311,3.9,0.36433744005,3874,0.48041890346,0.51958109654,0.23585320778,0.16177154371,0.14561376317,7986.516854,0.59456409292,0.83
313,1120068,70,대방동,동작구,3,1,5,70,36,128,256,70,122,46,2,0.268762902,4.1,0.37961251863,6368,0.49184523293,0.50815476707,0.16743298343,0.14708106473,0.15693688244,8730,0.19236959762,0.69
182,1112058,71,대조동,은평구,1,1,5,22,27,113,421,66,132,74,1,0.480012358,8.5,0.46155802862,7258,0.49377875575,0.50622124425,0.45297059412,0.15848741832,0.16964023665,11771.17647,0.28623211447,0.77
363,1123060,72,대치1동,강남구,1,1,6,80,50,78,195,79,55,51,3,2.103431263,0.7,0.076352353973,566,0.4851521627,0.5148478373,0.11896691474,0.088071960979,0.10483751768,14446.32456,1.0992850398,1.10
378,1123079,73,대치2동,강남구,1,0,6,77,58,101,429,53,97,105,3,2.103431263,1.2,0.18059855521,2450,0.48805957844,0.51194042156,0.11121492759,0.12345441655,0.11977746002,14485.92174,0.60069290874,0.90
364,1123063,74,대치4동,강남구,1,0,6,217,151,312,894,140,248,269,3,2.103431263,7,0.50875284344,5144,0.49592820342,0.50407179658,0.42884050745,0.15730174081,0.19226305609,14610.34454,0.80595391158,1.40
333,1121073,75,대학동,관악구,1,1,5,58,12,82,381,22,72,88,1,0.591651669,1.4,0.72944655139,11348,0.5067844428,0.4932155572,0.080976691073,0.30036219954,0.16639227308,3414.285714,0.36498039468,0.99
208,1114060,76,대흥동,마포구,3,0,7,30,47,79,267,66,79,77,4,0.314850839,5.3,0.64931087289,4664,0.49600047755,0.50399952245,0.1149713467,0.20020842519,0.21267385466,8728,0.81762494779,1.62
367,1123066,77,도곡1동,강남구,1,0,6,39,56,99,256,99,77,68,2,2.103431263,2.4,0.29029990628,2478,0.4796041263,0.5203958737,0.27035660051,0.1467943139,0.16969047778,14573.09804,0.95466260544,1.20
368,1123067,78,도곡2동,강남구,1,1,6,52,104,130,378,84,119,104,2,2.103431263,2.2,0.19095393362,2284,0.59379271529,0.40620728471,0.50691485085,0.11432708318,0.14325635271,14706.97872,0.68129755037,1.00
302,1119075,79,도림동,영등포구,0,0,6,19,21,65,110,18,48,30,0,0.32394311,4.8,0.4635483871,4311,0.49314171799,0.50685828201,0.17932696599,0.176262678,0.17231841,10874.6988,0.67978494624,1.02
156,1110064,80,도봉1동,도봉구,1,1,5,12,14,53,277,19,58,42,1,0.240858753,0.4,0.38077184796,3917,0.49079245283,0.50920754717,0.24279245283,0.14149855281,0.12084611869,7502.083333,0.23699815301,1.06
157,1110065,81,도봉2동,도봉구,1,1,5,8,23,50,160,9,45,24,1,0.240858753,4.6,0.31534752245,3793,0.50308502634,0.49691497366,0.089240030098,0.14043044873,0.13346324975,7430.612245,0.20269371467,0.90
219,1114075,82,도화동,마포구,3,1,7,11,34,84,265,34,45,46,1,0.314850839,5.7,0.36658691355,3524,0.55099676401,0.44900323599,0.13167672087,0.15248501471,0.16511468448,15465.51724,0.61094351399,1.08
277,1118052,83,독산1동,금천구,0,1,2,42,40,112,337,22,297,64,0,0.305944659,3.9,0.46533625562,8068,0.51012298168,0.48987701832,0.33355642935,0.20436827125,0.16405766613,11371.6055,0.21023186065,0.80
278,1118053,84,독산2동,금천구,0,0,2,18,22,89,134,22,59,29,0,0.305944659,6.5,0.41414571794,3888,0.48612153038,0.51387846962,0.088942235559,0.15481161677,0.13615023474,11481.82243,0.38826161057,1.01
279,1118054,85,독산3동,금천구,0,0,2,13,40,91,254,22,106,31,0,0.305944659,5.9,0.44280200378,5392,0.50165532463,0.49834467537,0.26075961008,0.15512316687,0.13714176172,11519.20561,0.29933481153,0.83
280,1118055,86,독산4동,금천구,0,1,2,12,20,50,163,7,45,35,0,0.305944659,5.4,0.41894709408,3215,0.50439493824,0.49560506176,0.17852542244,0.14752011112,0.13308061809,11465.30516,0.47498045348,1.20
111,1108058,87,돈암1동,성북구,7,0,5,23,10,22,32,9,26,6,0,0.405292278,3.6,0.27449443486,1751,0.501292632,0.498707368,0.12195485731,0.13915529874,0.14186572943,7571.428571,0.58692585045,1.40
112,1108059,88,돈암2동,성북구,7,1,5,5,5,9,15,7,6,2,0,0.405292278,3.1,0.17666431428,1502,0.49425031943,0.50574968057,0.20359980001,0.12388605133,0.13647340414,7500,0.44036697248,1.00
128,1108083,89,동선동,성북구,7,0,5,37,43,148,477,40,91,101,2,0.405292278,7.5,0.61341600902,5441,0.48997643647,0.51002356353,0.14522385354,0.17372304379,0.25976123373,7406.132075,0.42209695603,1.44
32,1102073,90,동화동,중구,2,0,7,17,17,37,79,15,26,23,4,0.153731482,4.5,0.2798285306,1175,0.51267212133,0.48732787867,0.35287367791,0.14721173073,0.14801155299,11732.14286,1.0916884973,1.95
420,1125070,91,둔촌1동,강동구,0,0,6,4,11,10,7,4,6,4,1,0.802558907,0.2,0.69651741294,140,0.47867994383,0.52132005617,0.32401378782,0.16510303905,0.12974099912,16252.72727,22.199004975,2.68
421,1125071,92,둔촌2동,강동구,0,1,6,66,55,147,265,34,72,65,1,0.802558907,3.4,0.29854630294,3327,0.48390881663,0.51609118337,0.37569560845,0.15588664708,0.14906154902,16283.92857,0.4003948313,0.93
242,1116052,93,등촌1동,강서구,2,0,6,16,34,74,229,31,65,59,2,0.29581589,10,0.50863110651,5893,0.49115736285,0.50884263715,0.071282483157,0.18546298777,0.22446200554,11802.71186,0.47039530468,1.14
243,1116053,94,등촌2동,강서구,2,1,6,11,18,37,84,10,18,24,2,0.29581589,2.5,0.27395174514,2339,0.48683259999,0.51316740001,0.20197675182,0.16860492054,0.15917620349,11794.50172,0.63832279222,1.13
244,1116054,95,등촌3동,강서구,2,1,6,59,28,84,275,46,60,69,2,0.29581589,6.5,0.34987778381,5153,0.48554802229,0.51445197771,0.33153083912,0.15489517021,0.14447685697,11821.875,0.37004345464,0.88
50,1104054,96,마장동,성동구,2,0,4,13,25,51,141,18,248,31,1,0.221037581,4.1,0.41484426773,4382,0.47928388747,0.52071611253,0.27945439045,0.16373580143,0.1624106016,8201.346154,0.28647164631,1.15
384,1124055,97,마천1동,송파구,1,0,7,9,23,49,90,9,29,19,1,0.464322487,6.1,0.38173604389,3549,0.48537853978,0.51462146022,0.20030822578,0.1397586613,0.12318051512,8000,0.65505001613,1.02
385,1124056,98,마천2동,송파구,1,1,7,12,11,55,160,31,90,19,1,0.464322487,3.3,0.34685787571,2975,0.47713359741,0.52286640259,0.6389170786,0.14728031466,0.12636703761,8000,0.71003847499,1.15
105,1107068,99,망우3동,중랑구,1,0,5,22,18,57,146,15,44,18,2,0.211373461,3.6,0.41881351926,3544,0.49311445508,0.50688554492,0.45782033744,0.14693402113,0.13625648279,12594,0.59572205152,1.18
110,1107073,100,망우본동,중랑구,1,1,5,26,34,176,429,66,206,76,2,0.211373461,2.2,0.4321669736,6336,0.46582385166,0.53417614834,0.50105351875,0.15752863525,0.14078802962,12307.69231,0.34383739172,0.85
213,1114069,101,망원1동,마포구,3,1,7,9,22,66,268,34,44,48,1,0.314850839,4.2,0.46418142885,4769,0.48365216685,0.51634783315,0.34633036838,0.16910220006,0.17979084424,16290.47619,0.5716371423,1.08
214,1114070,102,망원2동,마포구,3,0,7,12,20,86,175,11,51,39,1,0.314850839,4.2,0.34234344423,2799,0.49107013738,0.50892986262,0.27689804772,0.15098359843,0.16247955998,16283.16832,0.71832191781,1.18
95,1107052,103,면목2동,중랑구,1,1,5,22,18,116,197,35,90,37,3,0.211373461,7.2,0.42854797669,5221,0.48295679746,0.51704320254,0.21122341128,0.15405375014,0.13943551108,12866.53061,0.41377329065,0.90
109,1107072,104,면목3.8동,중랑구,1,1,5,24,24,125,352,33,91,75,3,0.211373461,3.2,0.42924041591,5408,0.49548856969,0.50451143031,0.25846651831,0.15776580108,0.14366595895,12886.22047,0.40011111993,0.87
96,1107054,105,면목4동,중랑구,1,0,5,8,15,44,95,10,34,19,3,0.211373461,3.6,0.4155693669,3945,0.49150374566,0.50849625434,0.39442109751,0.15561153093,0.15586808471,12767.47967,0.53102285895,1.06
97,1107055,106,면목5동,중랑구,1,1,5,2,6,44,92,7,52,21,3,0.211373461,3,0.40835666595,1896,0.48387096774,0.51612903226,0.29413569425,0.15055299539,0.13958525346,12867.07317,1.0857204394,2.07
98,1107057,107,면목7동,중랑구,1,0,5,13,16,77,142,20,79,27,3,0.211373461,4.8,0.41047213699,4147,0.49502793296,0.50497206704,0.31290502793,0.15669182063,0.14879868159,12747.15447,0.49896070474,1.03
108,1107071,108,면목본동,중랑구,1,1,5,26,47,132,334,41,117,51,3,0.211373461,7.9,0.45786662071,7971,0.49282175073,0.50717824927,0.15277601321,0.16539727847,0.15323093445,12872.17742,0.28956286978,0.65
20,1102055,109,명동,중구,2,3,7,18,43,118,861,99,205,205,2,0.153731482,0.9,0.66243833686,940,0.46350245499,0.53649754501,0.61518003273,0.11757269279,0.13075672747,23153.84615,3.2304439746,8.69
409,1125053,110,명일1동,강동구,0,0,6,43,48,119,287,54,86,83,3,0.802558907,3.3,0.24325314446,1992,0.57507772968,0.42492227032,0.17191977077,0.13739603678,0.13814215805,12235,0.54487727439,1.12
410,1125054,111,명일2동,강동구,0,1,6,57,17,61,120,25,30,40,3,0.802558907,1,0.16649711767,982,0.50156218649,0.49843781351,0.16040358873,0.13088251277,0.12188892512,12563.15789,0.75652763649,1.31
223,1115051,112,목1동,양천구,0,0,6,84,39,127,489,74,127,131,4,0.672636893,1.1,0.1502374169,1582,0.49088123508,0.50911876492,0.088064582658,0.10871288336,0.13151637095,15926.63043,0.39050332384,1.08
224,1115052,113,목2동,양천구,0,0,6,20,29,77,148,16,41,42,4,0.672636893,4,0.32482236277,4160,0.49020934849,0.50979065151,0.23005775131,0.17355716762,0.17195223727,15621.95122,0.32107441243,0.81
225,1115053,114,목3동,양천구,0,1,6,21,26,94,172,40,60,45,4,0.672636893,6.2,0.34965709387,3263,0.50121526371,0.49878473629,0.38382078911,0.17215802079,0.16625200549,15675.1269,0.44063437634,1.09
226,1115054,115,목4동,양천구,0,0,6,28,28,99,197,31,68,39,4,0.672636893,4.8,0.27031063321,2715,0.49892933619,0.50107066381,0.13302997859,0.13434244437,0.12864350793,15926.63043,0.40939864596,0.90
239,1115071,116,목5동,양천구,0,1,6,89,37,59,156,25,51,29,4,0.672636893,0.9,0.11879145173,1612,0.49517553794,0.50482446206,0.13685164213,0.10722751516,0.11656106122,15926.63043,0.30302137067,0.66
5,1101057,117,무악동,종로구,5,0,7,5,12,22,63,15,22,13,0,0.295603883,2,0.23823724321,719,0.52494427781,0.47505572219,0.83495225778,0.11234664894,0.12715295824,8000,1.4774685222,2.57
103,1107064,118,묵1동,중랑구,1,1,5,11,19,106,200,30,65,39,1,0.211373461,3.7,0.30978298551,4468,0.50804740654,0.49195259346,3.028202502,0.15052929033,0.1519787991,9989.932886,0.34951119739,0.77
104,1107065,119,묵2동,중랑구,1,0,5,15,14,92,195,35,60,36,1,0.211373461,5.2,0.4,3658,0.50936712559,0.49063287441,0.18299674981,0.16158505287,0.1567087568,9828.85906,0.55123018043,1.14
303,1119076,120,문래동,영등포구,0,1,6,26,44,85,428,51,191,94,1,0.32394311,2.3,0.28099374848,3461,0.49369227632,0.50630772368,0.77254319261,0.15319121695,0.16620254785,11557.57576,0.51327433628,0.91
397,1124068,121,문정1동,송파구,1,0,7,23,31,80,167,17,45,41,1,0.464322487,4.6,0.30647260679,2590,0.49873653928,0.50126346072,0.22862807604,0.16946657632,0.16507395033,15646.97635,0.72062477813,1.19
398,1124069,122,문정2동,송파구,1,0,7,2,52,105,665,42,138,113,3,0.464322487,3.6,0.52447552448,7875,0.4904602466,0.5095397534,0.39431866497,0.17941509969,0.19996692809,15646.97635,0.40559440559,1.14
339,1121083,123,미성동,관악구,1,1,5,33,21,88,171,29,77,36,1,0.591651669,3.8,0.36946022727,5202,0.49286663713,0.50713336287,0.22853345148,0.15951826307,0.14735303522,24500,0.40326704545,0.77
138,1109070,124,미아동,강북구,1,0,5,11,16,109,272,36,61,46,3,0.361219665,7.2,0.47544080605,5285,0.48804253521,0.51195746479,0.1753464884,0.15465187924,0.1540577414,6862.875536,0.38044260525,1.12
346,1122057,125,반포1동,서초구,3,0,7,18,44,112,202,65,45,54,4,0.491841786,6.1,0.47329908143,6080,0.55861866398,0.44138133602,6.4512000671,0.15465204555,0.19045128638,12529.38214,0.3883699206,1.42
347,1122058,126,반포2동,서초구,3,1,7,45,33,43,77,37,30,19,4,0.491841786,0.9,0.14993531695,1159,0.52479087452,0.47520912548,0.61951837769,0.099903121382,0.12861227287,12852.75379,0.64540750323,1.31
348,1122059,127,반포3동,서초구,3,0,7,42,47,48,147,88,111,30,2,0.491841786,1,0.194897343,1291,0.5132395624,0.4867604376,0.15816030364,0.11699903096,0.14193910338,12852.75379,0.75317028986,1.59
349,1122060,128,반포4동,서초구,3,1,7,56,27,98,640,73,165,134,4,0.491841786,1.3,0.25146437815,1846,0.51687146479,0.48312853521,0.26874065405,0.13461830323,0.16054535337,12858.96981,0.67960768288,1.16
345,1122056,129,반포본동,서초구,3,0,7,18,26,47,114,18,49,17,4,0.491841786,0.7,0.17293588834,731,0.51034264961,0.48965735039,0.19337859887,0.082159439679,0.10938852601,12852.75379,1.1802696948,2.58
254,1116067,130,발산1동,강서구,2,1,6,31,27,77,241,30,108,50,3,0.29581589,0.8,0.18202196817,2436,0.50454105761,0.49545894239,0.37381771281,0.13009123904,0.13999647142,18356.25,0.40723305686,0.78
351,1122062,131,방배1동,서초구,3,1,7,57,46,111,326,67,79,94,3,0.491841786,4,0.37302860198,2791,0.48839478932,0.51160521068,0.085076590147,0.16018859584,0.18785914248,17281.27341,0.66680032077,1.46
352,1122063,132,방배2동,서초구,3,2,7,40,65,105,316,35,66,67,3,0.491841786,1.9,0.34343620451,3728,0.50172457306,0.49827542694,0.892571717,0.15779474626,0.16336633663,20069.02655,0.45960386918,0.94
353,1122064,133,방배3동,서초구,3,0,7,44,43,90,124,26,52,32,3,0.491841786,1,0.2744468237,2307,0.49692107546,0.50307892454,0.084041630529,0.1510610946,0.15181977198,20317.59259,0.59350463954,1.35
354,1122065,134,방배4동,서초구,3,0,7,58,74,139,323,77,104,84,3,0.491841786,3.5,0.33326802508,3402,0.50018532246,0.49981467754,0.15960896961,0.13620509243,0.16920513119,20299.09502,0.48873432602,1.01
350,1122061,135,방배본동,서초구,3,1,7,49,39,114,299,49,81,80,3,0.491841786,3.1,0.26462680835,2067,0.48921674223,0.51078325777,0.28735315482,0.11974290904,0.14582460062,20363.88889,0.63871463321,1.33
386,1124057,136,방이1동,송파구,1,1,7,34,18,63,214,29,32,50,3,0.464322487,3.4,0.27250568736,1677,0.4906285248,0.5093714752,0.28229619141,0.14350994195,0.14687538595,14577.84815,0.98960025999,1.46
387,1124058,137,방이2동,송파구,1,0,7,39,44,111,449,42,91,92,3,0.464322487,7.8,0.50179812994,6279,0.46239619025,0.53760380975,0.12724316162,0.1884072601,0.19460539864,14551.73063,0.48669383841,1.09
148,1110055,138,방학1동,도봉구,1,1,5,17,41,117,418,53,106,78,1,0.240858753,6.3,0.34397471355,4353,0.48808084715,0.51191915285,0.25528262657,0.14396440129,0.1332038835,8066.666667,0.19265112604,0.92
149,1110056,139,방학2동,도봉구,1,0,5,15,15,89,160,18,82,24,1,0.240858753,4.8,0.37054830287,3548,0.49333027733,0.50666972267,0.4579876232,0.14547236914,0.11886740835,8314.285714,0.25462140992,1.06
150,1110057,140,방학3동,도봉구,1,1,5,18,16,48,102,25,45,21,1,0.240858753,0.7,0.16902933648,1717,0.49926432723,0.50073567277,0.16534245568,0.13457799163,0.12948620769,8436.585366,0.24000787557,0.80
256,1116070,141,방화1동,강서구,2,0,6,29,44,114,290,60,75,64,7,0.29581589,4.4,0.26531791908,4590,0.48907657658,0.51092342342,0.17672672673,0.14869527955,0.15458174519,10902.7451,0.31502890173,0.65
257,1116071,142,방화2동,강서구,2,1,6,13,21,75,234,8,94,58,5,0.29581589,0.8,0.44858016601,5134,0.46704927212,0.53295072788,0.41833706607,0.16045627376,0.15186517316,10840.8,0.47619047619,1.20
258,1116072,143,방화3동,강서구,2,1,6,6,13,26,68,9,22,12,4,0.29581589,1.8,0.38513453512,4337,0.48224434681,0.51775565319,0.077995888589,0.15320062451,0.15343481655,10840.8,0.48397122813,0.97
131,1109060,144,번1동,강북구,1,2,5,11,12,90,240,37,88,55,0,0.361219665,9.3,0.51047562308,5141,0.48071911304,0.51928088696,0.11126816556,0.16018591421,0.16021131232,5700.572687,0.4199185781,1.17
132,1109061,145,번2동,강북구,1,0,5,5,6,32,60,11,32,12,0,0.361219665,2,0.32939771823,2483,0.51446905403,0.48553094597,0.24885116953,0.14299439991,0.12718238717,5724.798206,0.56102414434,1.24
133,1109062,146,번3동,강북구,1,1,5,4,3,22,54,12,20,12,0,0.361219665,2.4,0.271771969,2069,0.4824652264,0.5175347736,0.12255844925,0.1299911605,0.1239045334,5727.162162,0.55549717588,1.18
44,1103070,147,보광동,용산구,2,1,6,14,23,79,143,26,63,18,0,0.416053686,5.6,0.50981146595,3975,0.48229685412,0.51770314588,0.10236244382,0.16848235025,0.14440409592,8836.507937,0.53058868796,1.26
319,1121052,148,보라매동,관악구,1,0,5,19,32,113,254,22,106,55,4,0.591651669,6.8,0.43766376469,5178,0.48875499194,0.51124500806,0.14779653892,0.17699537046,0.16553080729,12209.52381,0.47992561914,0.93
114,1108061,149,보문동,성북구,7,1,5,6,21,49,150,29,59,24,1,0.405292278,6.5,0.4559319915,3647,0.46757180157,0.53242819843,0.14287206266,0.16996199045,0.16626564843,6896.73913,0.46805850731,1.29
3,1101055,150,부암동,종로구,5,1,7,17,12,27,173,11,29,61,0,0.295603883,0.7,0.37578873569,1608,0.48720058512,0.51279941488,0.17215213019,0.13773985151,0.1298331887,4750,1.0420659032,1.99
201,1113071,151,북가좌1동,서대문구,9,0,5,6,10,33,49,22,15,11,0,0.335271061,2.9,0.21195729537,1489,0.49044468266,0.50955531734,0.19576387092,0.1390083709,0.14696716033,11475,0.52170818505,1.08
202,1113072,152,북가좌2동,서대문구,9,1,5,16,29,101,216,31,44,42,0,0.335271061,6.3,0.35730306532,5257,0.48602150538,0.51397849462,0.25564929694,0.14962982588,0.14400730045,11377.04918,0.24909943587,0.74
204,1113074,153,북아현동,서대문구,9,0,5,17,46,49,134,18,33,18,0,0.335271061,6.1,0.36895001322,2790,0.47968931716,0.52031068284,0.051835853132,0.16382401819,0.15608326773,8371.052632,0.48466014282,1.27
178,1112052,154,불광1동,은평구,1,0,5,21,28,71,178,26,38,31,1,0.480012358,1.9,0.3441073248,6079,0.50436851211,0.49563148789,0.26224048443,0.1472069652,0.15158419879,11405.15152,0.25478319937,0.66
190,1112072,155,불광2동,은평구,1,2,5,23,26,128,275,52,96,40,1,0.480012358,4,0.40402113296,5506,0.49158295334,0.50841704666,0.23046593753,0.15275301611,0.13932113617,11405.15152,0.33027590255,0.82
51,1104055,156,사근동,성동구,2,1,4,13,19,47,356,5,49,98,4,0.221037581,4.2,0.67850440306,4700,0.49479285691,0.50520714309,0.35359603017,0.27363273364,0.20117546772,6977.04918,0.43684134546,1.73
309,1120063,157,사당1동,동작구,3,1,5,17,31,88,254,33,61,50,4,0.268762902,8.4,0.53854847824,6671,0.5050279838,0.4949720162,0.1378259089,0.2035647895,0.22018589393,10615.78947,0.26051505611,0.99
318,1120073,158,사당2동,동작구,3,0,5,17,19,92,281,37,100,60,6,0.268762902,1.4,0.3372359379,3975,0.48862449021,0.51137550979,0.10539620479,0.1660487108,0.17101503504,20200,0.27377619411,0.84
310,1120065,159,사당3동,동작구,3,1,5,23,15,57,118,19,52,25,4,0.268762902,3.6,0.32094724682,3334,0.48355468402,0.51644531598,0.17416882075,0.15795061831,0.16500811925,12583.33333,0.31064690027,0.97
311,1120066,160,사당4동,동작구,3,0,5,7,11,49,80,22,53,15,4,0.268762902,7.3,0.41260404281,2776,0.48558606897,0.51441393103,0.26842593044,0.17821548025,0.17500591236,13083.33333,0.4796373365,1.47
312,1120067,161,사당5동,동작구,3,0,5,9,17,34,50,4,27,14,4,0.268762902,3.8,0.38255506608,2171,0.48384690423,0.51615309577,0.23400470534,0.17133368556,0.1693712733,11333.33333,0.56863436123,1.63
1,1101053,162,사직동,종로구,5,4,7,14,23,53,636,35,65,136,4,0.295603883,1.7,0.47416685305,2120,0.47788485298,0.52211514702,0.09498393872,0.12527650391,0.15575937416,6500,0.99731603668,2.88
141,1109073,163,삼각산동,강북구,1,0,5,8,6,29,79,18,31,7,3,0.361219665,4.1,0.21224352506,2524,0.47911665867,0.52088334133,0.13807747701,0.1231164635,0.13414598326,6800,0.35561722166,0.76
127,1108082,164,삼선동,성북구,7,1,5,53,37,117,429,71,170,78,2,0.405292278,6.5,0.47187351025,5939,0.49020166524,0.50979833476,0.14110235223,0.15989524878,0.16676019454,11299.21875,0.29747338312,0.91
361,1123058,165,삼성1동,강남구,1,2,6,14,42,74,696,52,125,173,5,2.103431263,1,0.32363013699,1890,0.49764367064,0.50235632936,0.14674695641,0.15458675164,0.15563767035,27954.54545,1.3953767123,2.44
362,1123059,166,삼성2동,강남구,1,1,6,26,71,113,355,60,66,76,5,2.103431263,4.5,0.4257737501,5544,0.48292836196,0.51707163804,0.25436391565,0.14514014504,0.18740769014,26857.14286,0.62583518931,1.11
338,1121082,167,삼성동,관악구,1,0,5,15,18,81,144,17,119,10,1,0.591651669,1.7,0.38458877454,4447,0.4832403295,0.5167596705,0.27555707399,0.14235019398,0.12234541343,16647.05882,0.49104903572,0.87
137,1109069,168,삼양동,강북구,1,1,5,13,14,51,114,26,60,15,3,0.361219665,5,0.38510466989,4783,0.48766739805,0.51233260195,0.39350836044,0.14406852543,0.13075560295,8589.473684,0.34049919485,0.83
393,1124064,169,삼전동,송파구,1,1,7,59,51,148,272,44,57,61,0,0.464322487,8.2,0.48396267227,7831,0.49019874762,0.50980125238,0.20620065342,0.18679245283,0.20218867925,12783.57143,0.37636734442,0.81
2,1101054,170,삼청동,종로구,5,1,7,6,5,5,290,10,61,110,1,0.295603883,0.5,0.52296819788,740,0.51272772648,0.48727227352,1.0238020963,0.12522490104,0.13817920115,27250,3.1512367491,6.61
172,1111074,171,상계10동,노원구,6,0,6,11,10,25,22,6,11,10,5,0.486077647,2.1,0.25206425462,1679,0.48192379031,0.51807620969,0.22286941525,0.15543568897,0.15989159892,6572.957746,0.68202972527,1.30
167,1111065,172,상계1동,노원구,6,1,6,27,26,141,326,32,101,64,5,0.486077647,0.8,0.27093312895,4242,0.4896474287,0.5103525713,0.10136986301,0.14323992807,0.14092960665,8000,0.29015775691,0.69
168,1111066,173,상계2동,노원구,6,0,6,26,26,154,498,55,109,109,5,0.486077647,4.9,0.34355336918,3003,0.49909941906,0.50090058094,0.55277911667,0.1463022508,0.14285714286,6150,0.51973458414,1.16
173,1111076,174,상계3.4동,노원구,6,1,6,14,24,102,206,33,90,37,5,0.486077647,0.8,0.38252885182,4541,0.50152170431,0.49847829569,0.36738747397,0.13351813352,0.11474111474,8300,0.38269732963,0.85
169,1111069,175,상계5동,노원구,6,0,6,29,17,97,194,25,72,33,5,0.486077647,8.7,0.34191407301,3812,0.50599496222,0.49400503778,0.27885810243,0.14117238987,0.12906876974,9000,0.40748049152,0.83
174,1111077,176,상계6.7동,노원구,6,1,6,49,37,128,284,125,83,51,5,0.486077647,3.6,0.28670231729,4021,0.47903661833,0.52096338167,0.237109855,0.14172192843,0.15705531772,12000,0.32392156863,0.74
170,1111072,177,상계8동,노원구,6,0,6,22,26,34,75,27,29,14,5,0.486077647,3.1,0.22624288629,2107,0.50182409247,0.49817590753,0.43261694058,0.16495146766,0.1716173547,6572.957746,0.48781273489,0.87
171,1111073,178,상계9동,노원구,6,1,6,14,9,27,51,24,20,11,5,0.486077647,2.4,0.23085056391,1965,0.50144648023,0.49855351977,0.35644779521,0.1396664809,0.1384661551,6572.957746,0.53371710526,1.00
305,1120053,179,상도1동,동작구,3,0,5,30,37,76,246,45,80,64,4,0.268762902,6,0.43461868856,9107,0.45166890239,0.54833109761,0.76611694153,0.18909800371,0.18351442246,10580.45139,0.15400400878,0.62
306,1120054,180,상도2동,동작구,3,1,5,45,54,106,214,57,81,59,3,0.268762902,4.8,0.39469221638,4655,0.49137104506,0.50862895494,0.31543624161,0.16929110697,0.17709579371,11294.45799,0.27361370188,0.93
307,1120055,181,상도3동,동작구,3,1,5,10,15,66,125,24,60,31,3,0.268762902,7.6,0.3992859009,4585,0.48987225914,0.51012774086,0.19805802061,0.16980490245,0.16636318159,11386.29076,0.28102412262,0.91
308,1120056,182,상도4동,동작구,3,0,5,22,16,71,132,21,39,30,3,0.268762902,6.4,0.36888544892,4766,0.49616477707,0.50383522293,0.2845093665,0.17023181941,0.15703568532,11351.51639,0.24976780186,0.79
99,1107059,183,상봉1동,중랑구,1,0,5,10,12,51,106,20,45,27,1,0.211373461,3.5,0.29074019172,2942,0.51410593279,0.48589406721,0.43839026414,0.14691391551,0.14681692982,12985.76642,0.4981717561,1.00
100,1107060,184,상봉2동,중랑구,1,0,5,12,30,62,335,29,69,79,1,0.211373461,7.9,0.53982479106,5361,0.47791638985,0.52208361015,0.29900839054,0.18289923849,0.18149210904,12976.64234,0.50760245695,1.31
218,1114074,185,상암동,마포구,3,1,7,21,34,71,415,43,73,99,0,0.314850839,0.5,0.30737607716,3888,0.47959183673,0.52040816327,0.39841732611,0.12802316942,0.14649198623,9829.054054,0.46430547869,1.07
408,1125052,186,상일동,강동구,0,0,6,20,19,33,150,12,35,26,1,0.802558907,0.4,0.27194451088,1137,0.48282116572,0.51717883428,0.20293697025,0.15147935496,0.12598554985,9500,1.0672088017,2.69
220,1114076,187,서강동,마포구,3,1,7,29,44,96,480,25,75,100,7,0.314850839,3.5,0.43772272925,5036,0.48793586252,0.51206413748,0.16556062757,0.17662337662,0.1992129083,8500,0.51047370708,1.03
211,1114066,188,서교동,마포구,3,1,7,99,104,409,1936,115,254,459,4,0.314850839,5,0.5994675876,8332,0.48244560139,0.51755439861,0.11600587372,0.20016300235,0.24302873887,11157.277,0.42254838478,1.26
328,1121066,189,서림동,관악구,1,0,5,26,14,54,123,18,56,28,1,0.591651669,9.1,0.63455689936,8972,0.48749716703,0.51250283297,0.12910780388,0.2703789573,0.17921992655,9350,0.40158427046,0.92
43,1103069,190,서빙고동,용산구,2,0,6,6,20,22,64,7,38,13,1,0.416053686,0.6,0.3199251637,1710,0.48635235732,0.51364764268,0.17330438379,0.12095362265,0.12851555224,8875,0.77399438728,1.66
326,1121064,191,서원동,관악구,1,1,5,29,24,64,245,27,54,81,1,0.591651669,12.1,0.60012200702,7870,0.48270966803,0.51729033197,0.16536837507,0.24778567044,0.20757695343,9650,0.43297239591,1.01
340,1122051,192,서초1동,서초구,3,1,7,35,54,98,338,56,96,110,7,0.491841786,2.6,0.40422024398,3678,0.48071724978,0.51928275022,0.10214337382,0.15833533798,0.17837382728,61555.55556,0.54830201121,1.16
341,1122052,193,서초2동,서초구,3,1,7,23,52,96,386,45,79,99,7,0.491841786,2.6,0.41899224806,3243,0.49432551368,0.50567448632,0.096284286801,0.15602629657,0.1778183589,23300,0.64457364341,1.51
342,1122053,194,서초3동,서초구,3,2,7,35,74,101,683,75,93,188,10,0.491841786,1.7,0.38900617718,4975,0.48989346176,0.51010653824,0.15922358435,0.15788222913,0.16603011322,19142.85714,0.39010086793,0.89
343,1122054,195,서초4동,서초구,3,0,7,60,59,100,419,116,78,101,7,0.491841786,2.4,0.19930918596,2135,0.48326359833,0.51673640167,1.1452073032,0.11696353898,0.13863729381,17842.544,0.46573935773,0.90
130,1108085,196,석관동,성북구,7,1,5,18,35,164,363,36,110,42,1,0.405292278,3.3,0.38807595454,5702,0.47897225725,0.52102774275,0.31973518285,0.15174322405,0.14282576545,14021.875,0.25481521813,0.72
392,1124063,197,석촌동,송파구,1,0,7,55,49,124,352,43,87,78,1,0.464322487,8.2,0.47096028705,7744,0.47746928747,0.52253071253,0.46375921376,0.18482910695,0.19410510842,13708.98,0.37037037037,0.83
417,1125065,198,성내1동,강동구,0,2,6,22,31,56,273,11,55,67,1,0.802558907,3.9,0.27940093297,2276,0.46323049002,0.53676950998,0.70025408348,0.15508383249,0.16345455001,12795.52189,0.54775349865,1.24
418,1125066,199,성내2동,강동구,0,0,6,37,60,153,313,40,67,68,1,0.802558907,8.6,0.46845170684,5791,0.47614085363,0.52385914637,0.67660978681,0.17501053434,0.16576037884,12480.32641,0.36094483093,0.94
419,1125067,200,성내3동,강동구,0,0,6,48,49,132,418,57,98,102,1,0.802558907,5.2,0.35976865013,3670,0.47573129095,0.52426870905,0.2170803728,0.17103723022,0.16122143048,12887.44108,0.43740809725,1.07
126,1108081,201,성북동,성북구,7,1,5,21,20,54,246,40,66,62,0,0.405292278,1.2,0.44694694695,3572,0.47828063441,0.52171936559,0.26396605718,0.1470521089,0.16488784887,13117.64706,0.46846846847,1.33
216,1114072,202,성산1동,마포구,3,0,7,14,17,49,171,11,62,33,3,0.314850839,5,0.43379978471,4030,0.4801749011,0.5198250989,1.1348344686,0.16226945458,0.17415425584,14218.29787,0.63218514532,1.16
217,1114073,203,성산2동,마포구,3,1,7,24,25,78,221,32,117,37,3,0.314850839,3.4,0.38888266278,6940,0.47301048735,0.52698951265,0.4610579889,0.14459736383,0.15264249753,14159.40171,0.32909335425,0.68
57,1104065,204,성수1가1동,성동구,2,0,4,10,31,49,123,12,32,23,2,0.221037581,1.5,0.39670286537,3032,0.45985067804,0.54014932196,2.3694575651,0.16705447169,0.15738917726,14622.88136,0.39591783331,1.40
58,1104066,205,성수1가2동,성동구,2,0,4,15,32,53,279,16,47,74,2,0.221037581,3.6,0.4412855377,3213,0.47346361908,0.52653638092,0.53988985818,0.17935358798,0.17353769727,14578.35821,0.41560225244,1.47
59,1104067,206,성수2가1동,성동구,2,1,4,11,17,57,298,27,92,50,1,0.221037581,3.4,0.46930693069,4029,0.46959909027,0.53040090973,0.28479833539,0.16388067724,0.1455253964,8500,0.35247524752,1.30
60,1104068,207,성수2가3동,성동구,2,1,4,8,37,47,351,41,89,94,1,0.221037581,2.7,0.49188139781,2787,0.48713361772,0.51286638228,0.24466767579,0.17654734461,0.16719585925,3960,0.53406283092,2.08
335,1121079,208,성현동,관악구,1,0,5,44,29,60,81,29,38,24,4,0.591651669,5.6,0.29148085499,3791,0.47340960037,0.52659039963,0.48689804437,0.1362924282,0.1362924282,8750,0.43656773797,0.81
375,1123076,209,세곡동,강남구,1,1,6,9,24,55,192,34,58,31,0,2.103431263,0.8,0.30495959067,5245,0.4694662969,0.5305337031,0.33538966552,0.14696812795,0.15890001151,19500,0.47380661666,0.68
18,1102052,210,소공동,중구,2,1,7,9,17,59,610,50,245,148,1,0.153731482,0.6,0.55472404116,593,0.47332678045,0.52667321955,0.32329550532,0.17888074617,0.17921385743,30000,4.2881197381,10.30
61,1104069,211,송정동,성동구,2,0,4,3,4,30,65,8,29,13,0,0.221037581,3.8,0.47480832421,2601,0.479260635,0.520739365,0.84973909967,0.17288045642,0.14377957631,11765.38462,0.55239138372,1.98
139,1109071,212,송중동,강북구,1,1,5,22,23,150,443,46,129,70,3,0.361219665,4.4,0.41095995109,5377,0.46448309081,0.53551690919,0.74613395528,0.14850495476,0.13912968548,10200,0.32321919902,0.82
140,1109072,213,송천동,강북구,1,1,5,15,27,116,399,54,118,44,3,0.361219665,6.9,0.44008730447,6049,0.47907514451,0.52092485549,0.11832369942,0.14595036258,0.13030674429,6000,0.30767551837,0.79
390,1124061,214,송파1동,송파구,1,0,7,43,39,126,318,40,50,67,0,0.464322487,6.9,0.44514750596,5417,0.48280060883,0.51719939117,0.18295281583,0.18617592877,0.20634402825,14146.01266,0.50045196812,1.01
391,1124062,215,송파2동,송파구,1,0,7,37,15,55,97,32,22,9,0,0.464322487,2.7,0.19671682627,1438,0.48386602675,0.51613397325,0.15960379863,0.14682814302,0.15130334487,14015.34043,0.83310533516,1.12
272,1117069,216,수궁동,구로구,3,0,7,18,25,65,147,11,51,39,2,0.463925827,1,0.26528740318,2603,0.4894232717,0.5105767283,0.20785947854,0.15199037361,0.14891308636,14240,0.54688136975,0.95
188,1112068,217,수색동,은평구,1,0,5,7,5,36,87,14,19,16,1,0.480012358,1.5,0.36012922843,1895,0.47618513324,0.52381486676,0.11775596073,0.14846794053,0.12755213366,21750,0.8553781832,1.58
374,1123075,218,수서동,강남구,1,1,6,13,37,66,218,33,53,40,1,2.103431263,2.2,0.39276617422,3084,0.40503520376,0.59496479624,1.6184766375,0.16513646476,0.15106696331,11166.66667,1.037824758,1.45
134,1109063,219,수유1동,강북구,1,1,5,12,13,39,176,15,143,24,1,0.361219665,4.2,0.43468072642,4452,0.47983591974,0.52016408026,0.2749579915,0.15363078035,0.13809609827,7639.959927,0.41290763523,1.03
135,1109064,220,수유2동,강북구,1,1,5,23,12,104,236,31,129,33,1,0.361219665,4.4,0.33666071241,3204,0.47825410813,0.52174589187,0.14695972215,0.14372111987,0.13060614297,7639.959927,0.44436271934,1.04
136,1109065,221,수유3동,강북구,1,1,5,8,25,142,560,43,124,108,1,0.361219665,7.2,0.5071171466,6199,0.48766460629,0.51233539371,1.3774791723,0.17142549526,0.1560292851,7582.667838,0.34595876963,0.98
14,1101070,222,숭인1동,종로구,5,0,7,6,12,21,74,12,17,6,1,0.295603883,5.7,0.43945442448,1321,0.48763119984,0.51236880016,0.10166700967,0.15258958145,0.14069557362,8510.784314,1.4833666001,2.99
15,1101071,223,숭인2동,종로구,5,1,7,15,21,42,172,20,131,35,1,0.295603883,10.4,0.64135617164,3632,0.48807123656,0.51192876344,0.18051075269,0.17259243102,0.18169920384,8510.784314,0.78739184178,2.13
281,1118057,224,시흥1동,금천구,0,1,2,47,48,150,572,56,201,112,1,0.305944659,3.5,0.38978178492,5966,0.47005591838,0.52994408162,0.19161651086,0.15689518638,0.14384297754,37750,0.23814190514,0.71
282,1118058,225,시흥2동,금천구,0,0,2,27,10,45,51,24,35,13,1,0.305944659,1.5,0.22683668694,1939,0.47962950534,0.52037049466,0.11255788979,0.13069685387,0.12672743311,12000,0.4264155358,1.03
283,1118059,226,시흥3동,금천구,0,0,2,10,22,52,132,8,54,32,1,0.305944659,1.3,0.29334741288,1389,0.48388631228,0.51611368772,0.22535378761,0.14968480903,0.12896048782,12116.66667,0.76979936642,2.10
284,1118060,227,시흥4동,금천구,0,1,2,30,16,66,109,44,62,19,1,0.305944659,3.5,0.32850767389,3018,0.48753521501,0.51246478499,0.5002391963,0.14587874205,0.13242293492,15400,0.39675628606,1.02
285,1118061,228,시흥5동,금천구,0,0,2,30,24,106,180,30,101,43,1,0.305944659,2.7,0.39618011097,3713,0.47933652938,0.52066347062,0.30919970606,0.14041142546,0.12272376368,25700,0.38892445583,1.00
291,1119063,229,신길1동,영등포구,0,0,6,21,19,79,155,21,66,51,3,0.32394311,8.2,0.57006603081,5439,0.47800843741,0.52199156259,0.11866672236,0.17839932956,0.15289126336,21333.33333,0.66261398176,1.05
292,1119065,230,신길3동,영등포구,0,0,6,8,12,50,95,28,54,25,3,0.32394311,5.7,0.39020222159,2740,0.47559698366,0.52440301634,0.37039170507,0.14226777541,0.13246954167,19416.66667,0.90031330105,1.27
293,1119066,231,신길4동,영등포구,0,0,6,7,5,33,55,6,15,5,3,0.32394311,5.3,0.42126976851,1838,0.47567859422,0.52432140578,1.5914691013,0.14341282704,0.12451956471,10600,1.4490029796,1.96
294,1119067,232,신길5동,영등포구,0,0,6,5,6,28,53,6,28,18,3,0.32394311,4.1,0.41869037294,1931,0.47244719708,0.52755280292,0.21653168175,0.13964567515,0.12300878368,13000,1.3707718994,1.58
295,1119068,233,신길6동,영등포구,0,1,6,15,13,51,152,22,39,31,3,0.32394311,4.9,0.4032532168,3322,0.46982758621,0.53017241379,0.85804597701,0.1595937347,0.15345080764,8200,0.76741927652,1.13
296,1119069,234,신길7동,영등포구,0,0,6,7,5,23,67,7,17,21,3,0.32394311,3,0.29176829268,1914,0.47494106016,0.52505893984,0.66248383908,0.15813953488,0.15337763012,11250,0.9637195122,1.30
106,1107069,235,신내1동,중랑구,1,1,5,39,21,81,212,28,45,49,1,0.211373461,1.2,0.21716927748,3147,0.48164146868,0.51835853132,0.62697984161,0.14513401691,0.14435450021,11500,0.3478710924,0.65
107,1107070,236,신내2동,중랑구,1,1,5,16,15,65,90,27,48,18,1,0.211373461,2.6,0.28310908484,2546,0.46072548488,0.53927451512,0.54481049901,0.14246499553,0.14080520918,10666.66667,0.56054709218,1.07
25,1102065,237,신당5동,중구,2,1,7,5,8,42,159,16,29,14,4,0.153731482,5.2,0.46034249662,2043,0.46538980057,0.53461019943,0.49184138348,0.15102714979,0.14152988541,11732.14286,1.0328977017,2.16
28,1102069,238,신당동,중구,2,1,7,16,36,49,255,19,1053,55,4,0.153731482,4.8,0.59574468085,2632,0.48406513928,0.51593486072,1.3909756894,0.17119528845,0.1543300763,11732.14286,1.0375735627,2.53
314,1120069,239,신대방1동,동작구,3,1,5,14,14,68,115,24,38,22,1,0.268762902,5.6,0.34768145161,3449,0.47810076438,0.52189923562,2.6814707359,0.13908800065,0.14352245576,18833.33333,0.32530241935,0.87
315,1120070,240,신대방2동,동작구,3,0,5,20,23,58,184,28,36,58,1,0.268762902,3.6,0.41418076581,3721,0.49046526868,0.50953473132,2.4356159895,0.15405619027,0.1670858183,12055.55556,0.35919412289,1.29
261,1117051,241,신도림동,구로구,3,0,7,47,47,110,358,39,96,68,2,0.463925827,1.9,0.20692504131,2755,0.48520747545,0.51479252455,0.86040544821,0.15404827943,0.16791634042,16300,0.40303439988,0.84
330,1121069,242,신림동,관악구,1,0,5,25,50,123,362,37,74,113,1,0.591651669,22.8,0.79085009317,12308,0.47941188969,0.52058811031,0.99109760761,0.30870455709,0.30491551459,8623.068916,0.36483968387,1.08
185,1112065,243,신사1동,은평구,1,0,5,21,18,74,139,16,48,33,4,0.480012358,4.1,0.3046875,3432,0.49983304116,0.50016695884,2.0872359963,0.15411787911,0.15117717728,10850,0.39959161932,0.89
186,1112066,244,신사2동,은평구,1,1,5,16,13,51,80,8,29,15,4,0.480012358,2.9,0.32377907618,2937,0.47592002983,0.52407997017,0.48636089837,0.14959816303,0.13566016073,10125,0.49619667071,1.04
358,1123051,246,신사동,강남구,1,1,6,69,52,208,774,204,189,187,5,2.103431263,4.6,0.38816662245,2926,0.47948049833,0.52051950167,0.11228727302,0.13985580714,0.17545341895,13499.76471,1.081055983,0.91
329,1121068,245,신사동,관악구,1,1,5,11,25,114,191,22,68,49,1,0.591651669,3.9,0.58050314465,7384,0.4818421714,0.5181578286,0.10586830862,0.19596791676,0.1812052894,7000,0.4463836478,1.65
210,1114063,247,신수동,마포구,3,0,7,10,29,37,149,21,46,32,4,0.314850839,4.5,0.38051069402,3487,0.47964624789,0.52035375211,0.11613994017,0.16318646389,0.15824734706,9986.734694,0.64087734614,1.13
327,1121065,248,신원동,관악구,1,0,5,11,16,54,136,17,73,27,1,0.591651669,10.1,0.54753226283,5558,0.4917145201,0.5082854799,0.47920426579,0.2026279578,0.17856082886,17281.25,0.55935375825,1.09
227,1115057,249,신월1동,양천구,0,1,6,21,25,78,196,11,91,29,0,0.672636893,6.4,0.40764142561,4129,0.50076347534,0.49923652466,0.87601160483,0.15485776805,0.13396061269,16060,0.40596307632,1.04
228,1115058,250,신월2동,양천구,0,0,6,15,15,41,73,13,42,14,0,0.672636893,3.8,0.26941217071,2342,0.50344749633,0.49655250367,0.44167514412,0.15558063326,0.14544586471,17833.33333,0.4730242724,1.06
229,1115059,251,신월3동,양천구,0,0,6,6,8,44,85,12,33,9,0,0.672636893,4.4,0.46362530414,3811,0.50068365444,0.49931634556,1.0629583592,0.16150796998,0.13347951983,13891.42857,0.500243309,1.23
230,1115060,252,신월4동,양천구,0,0,6,18,11,68,130,14,33,24,0,0.672636893,2.7,0.20268514508,1404,0.5181441858,0.4818558142,0.98580721467,0.14578408195,0.14794478762,16833.33333,0.59361917136,1.22
231,1115061,253,신월5동,양천구,0,1,6,17,17,57,137,14,52,33,0,0.672636893,2.9,0.3184813304,2030,0.51816745656,0.48183254344,3.8140018292,0.15562202075,0.14870548649,13866.66667,0.64512080326,1.44
232,1115062,254,신월6동,양천구,0,0,6,1,6,20,64,8,24,12,0,0.672636893,1.7,0.26710222905,695,0.5308204739,0.4691795261,0.20684712033,0.14530578427,0.12578323235,9500,1.5803228286,3.01
233,1115063,255,신월7동,양천구,0,1,6,24,11,55,124,15,36,25,0,0.672636893,2.4,0.29965790036,2803,0.47041108813,0.52958891187,0.11051848627,0.1544872621,0.13728143661,13891.42857,0.43959803293,0.99
234,1115064,256,신정1동,양천구,0,1,6,27,18,45,147,19,42,23,4,0.672636893,2,0.19309868875,1399,0.48835301837,0.51164698163,0.1334208224,0.11026198147,0.12080117879,9142.857143,0.56756383713,1.08
235,1115065,257,신정2동,양천구,0,0,6,52,16,82,155,33,59,32,4,0.672636893,3,0.21478188386,1546,0.47819678614,0.52180321386,0.4203544595,0.11852008159,0.1239361328,25600,0.57126979717,1.13
236,1115066,258,신정3동,양천구,0,1,6,31,23,91,186,37,66,41,4,0.672636893,1.6,0.23494109802,4228,0.52632214441,0.47367785559,0.91499637769,0.13711764097,0.13432316218,7375,0.22849522116,0.62
240,1115072,259,신정4동,양천구,0,0,6,55,39,207,382,65,111,123,4,0.672636893,6.2,0.39632297195,6273,0.47535934292,0.52464065708,0.062628336756,0.16650261765,0.16484786237,55125,0.2597927723,0.75
237,1115069,260,신정6동,양천구,0,1,6,26,10,16,50,6,14,14,4,0.672636893,1,0.12050999142,983,0.48894893647,0.51105106353,0.6085359939,0.11892245778,0.12993664914,12765,0.50410690205,0.98
238,1115070,261,신정7동,양천구,0,1,6,23,7,56,114,27,32,24,4,0.672636893,2.2,0.24020306377,2697,0.47246652405,0.52753347595,0.076341018937,0.12825207169,0.12468683754,12765,0.36622728892,0.81
205,1113075,262,신촌동,서대문구,9,1,5,68,43,229,1366,87,266,373,0,0.335271061,3.2,0.72345679012,8497,0.47892011834,0.52107988166,0.093116018597,0.2236335213,0.27848807995,5750,0.31204767986,1.39
144,1110051,263,쌍문1동,도봉구,1,1,5,13,18,60,154,21,85,36,0,0.240858753,2.4,0.32137371077,2929,0.48695215791,0.51304784209,0.41711274674,0.13745571805,0.13037060587,8760.360825,0.26750054861,1.09
145,1110052,264,쌍문2동,도봉구,1,1,5,18,11,103,190,36,69,36,0,0.240858753,5.3,0.33247873208,2853,0.46920892005,0.53079107995,0.10805584094,0.15011803247,0.14253023077,8793.418367,0.28411607039,1.13
146,1110053,265,쌍문3동,도봉구,1,0,5,23,17,93,156,28,104,20,0,0.240858753,5.8,0.37962234461,2895,0.47829365079,0.52170634921,0.086031746032,0.15632598186,0.15203524128,8377,0.3196957776,1.32
147,1110054,266,쌍문4동,도봉구,1,0,5,36,14,53,74,10,35,14,0,0.240858753,2.9,0.20913394598,1502,0.42552291138,0.57447708862,0.63813323661,0.13716482507,0.13448100776,8760.360825,0.33945976051,1.11
222,1114078,267,아현동,마포구,3,2,7,10,59,81,278,54,95,41,4,0.314850839,4.2,0.3116152802,3214,0.48428109108,0.51571890892,0.3002196024,0.170258169,0.1794226922,9302.045455,0.56942020555,1.04
113,1108060,268,안암동,성북구,7,0,5,16,22,69,488,31,123,131,2,0.405292278,4.1,0.62129225109,5404,0.48357657491,0.51642342509,0.38891557362,0.22884584601,0.20054426125,5714.285714,0.43044378018,1.45
422,1125072,269,암사1동,강동구,0,0,6,39,53,162,343,33,149,63,1,0.802558907,6,0.37232804557,6079,0.49709174875,0.50290825125,0.27881214743,0.16035108219,0.14741647532,18500,0.27328964292,0.70
413,1125058,270,암사2동,강동구,0,0,6,27,21,42,104,29,23,23,1,0.802558907,1.5,0.30271646859,1783,0.47328286764,0.52671713236,0.29422242013,0.15649884408,0.16494348831,18000,0.75755517827,1.58
414,1125059,271,암사3동,강동구,0,1,6,23,20,47,54,29,37,11,1,0.802558907,0.4,0.16128010139,1018,0.4875570183,0.5124429817,0.74646342168,0.13372535636,0.13992072034,19000,0.70690747782,1.30
376,1123077,272,압구정동,강남구,1,1,6,90,55,257,772,207,170,187,5,2.103431263,1.2,0.27409413523,2935,0.48642961589,0.51357038411,0.18053425586,0.12266179899,0.15087383203,17600,0.76101979828,1.14
30,1102071,273,약수동,중구,2,1,7,26,33,68,164,47,71,39,4,0.153731482,5.8,0.35321218326,2760,0.48877829353,0.51122170647,0.37847537924,0.14675777284,0.14843171153,15800,0.58663936524,1.27
355,1122066,274,양재1동,서초구,3,2,7,40,47,118,537,70,90,149,0,0.491841786,1,0.31768362506,5826,0.49475071795,0.50524928205,0.12442917,0.14995533245,0.1636746501,18272.81553,0.27204318665,0.77
356,1122067,275,양재2동,서초구,3,0,7,31,61,97,596,28,104,152,0,0.491841786,0.7,0.44892938497,4927,0.49991253134,0.50008746866,0.29243687679,0.18795687729,0.18264245895,17986.47343,0.4545785877,1.63
289,1119061,276,양평1동,영등포구,0,1,6,24,36,79,319,25,101,59,1,0.32394311,4.4,0.45722467486,3832,0.50258678238,0.49741321762,0.29038718291,0.18744039103,0.1856223176,17352.63158,0.75432525952,1.46
290,1119062,277,양평2동,영등포구,0,0,6,33,39,71,375,20,90,87,1,0.32394311,1.3,0.38908647495,3829,0.47843953464,0.52156046536,0.10956345394,0.18217577241,0.18508015643,17352.63158,0.64241438878,1.16
286,1119054,278,여의동,영등포구,0,1,6,42,82,165,1396,125,199,314,4,0.32394311,0.4,0.26337707237,3352,0.48932230589,0.51067769411,0.11813356376,0.1311920449,0.15258967789,16500,0.49673921584,1.54
365,1123064,279,역삼1동,강남구,1,1,6,128,264,525,2071,278,461,550,3,2.103431263,6.7,0.69709122962,15817,0.49962533864,0.50037466136,0.24894806617,0.23272208159,0.27640254312,17571.5,0.3591449978,1.47
366,1123065,280,역삼2동,강남구,1,0,6,27,69,101,410,70,79,101,3,2.103431263,5,0.39023405973,5802,0.48571742072,0.51428257928,0.1566511832,0.1303921847,0.16867350126,19411.11111,0.54808985741,0.93
192,1112074,281,역촌동,은평구,1,1,5,33,42,164,373,38,104,59,1,0.480012358,6,0.33682390239,7012,0.4905418029,0.5094581971,0.17069126576,0.15078605466,0.15532725125,12431.85841,0.21620712845,0.58
215,1114071,282,연남동,마포구,3,1,7,6,29,75,454,12,47,84,0,0.314850839,7.2,0.53612947344,4704,0.49497206704,0.50502793296,11.887150838,0.18938195623,0.21284978862,9814.615385,0.66936403009,1.27
206,1113076,283,연희동,서대문구,9,1,5,31,30,109,356,37,74,74,0,0.335271061,3.1,0.50539083558,9375,0.49131075962,0.50868924038,0.30474510598,0.17848556105,0.17321461597,7303.306604,0.19757412399,0.72
209,1114061,284,염리동,마포구,3,0,7,8,11,40,106,12,20,20,1,0.314850839,5.5,0.47225572979,2349,0.49833498654,0.50166501346,1.0194487743,0.15755880383,0.15346125054,8358.62069,1.1807398472,1.87
241,1116051,285,염창동,강서구,2,1,6,54,42,80,194,35,52,61,1,0.29581589,1.7,0.20930232558,3033,0.5091180867,0.4908819133,0.22727952167,0.14500753854,0.15365254608,11412.5,0.37609550756,0.75
301,1119074,286,영등포동,영등포구,0,0,6,70,84,219,1151,150,561,258,2,0.32394311,8.7,0.70133538778,10924,0.49528623353,0.50471376647,0.23580190822,0.21147549504,0.18907541188,6465.217391,0.40588084232,1.22
300,1119073,287,영등포본동,영등포구,0,2,6,18,21,55,252,24,117,56,4,0.32394311,4.2,0.42096964919,4272,0.50965961362,0.49034038638,0.099586016559,0.15805742398,0.15024271316,11148.23808,0.62297989752,0.94
389,1124060,288,오금동,송파구,1,1,7,34,34,102,222,26,51,56,1,0.464322487,2.4,0.26316490247,3953,0.50695487811,0.49304512189,0.21392914264,0.15420772066,0.14919216697,17700,0.40543239465,0.78
270,1117067,289,오류1동,구로구,3,1,7,18,20,62,169,36,56,40,2,0.463925827,8,0.4523786641,4707,0.49473002959,0.50526997041,0.41221338757,0.1760611891,0.17411339937,7809.734513,0.51571359923,1.17
271,1117068,290,오류2동,구로구,3,0,7,72,33,117,244,31,102,54,2,0.463925827,0.9,0.26165241479,4345,0.47106609167,0.52893390833,0.80938053689,0.14362003938,0.14726922777,7809.734513,0.32313621583,0.64
388,1124059,291,오륜동,송파구,1,0,7,3,12,14,44,13,15,13,3,0.464322487,0.2,0.10720212413,646,0.48734101272,0.51265898728,0.77327813775,0.1083303721,0.12122442764,0,1.0106206439,1.37
65,1104073,292,옥수동,성동구,2,1,4,27,35,94,154,44,37,30,0,0.221037581,1.6,0.28311712041,3099,0.4833418558,0.5166581442,0.87066829249,0.15739054028,0.17594993678,16000,0.27644801754,0.82
49,1104052,293,왕십리2동,성동구,2,0,4,31,30,69,85,34,44,19,1,0.221037581,7.1,0.37819929843,2911,0.47696630893,0.52303369107,0.44447101731,0.15623829149,0.15676907706,10250,0.39314018449,1.57
63,1104071,294,왕십리도선동,성동구,2,1,4,9,43,87,322,45,65,65,1,0.221037581,5.8,0.35992032563,4156,0.48465006749,0.51534993251,0.39536486603,0.1648917161,0.1733971839,16642.85714,0.26205940937,0.90
207,1114059,295,용강동,마포구,3,0,7,20,29,66,273,24,51,53,4,0.314850839,3.7,0.33827730169,3079,0.47568958341,0.52431041659,0.51874834462,0.14358974359,0.16391692772,19611.11111,0.64524280378,1.24
62,1104070,296,용답동,성동구,2,1,4,14,13,84,232,27,82,38,3,0.221037581,1.9,0.54198095709,4383,0.48586456279,0.51413543721,0.28590213206,0.16379200611,0.14075229124,7795.744681,0.37418078397,1.49
38,1103059,297,용문동,용산구,2,0,6,6,3,44,92,13,49,15,0,0.416053686,6.6,0.34588720255,1846,0.49070006777,0.50929993223,0.41820828836,0.14617448052,0.15446210514,15512.82051,0.77515458123,1.73
34,1103052,298,용산2가동,용산구,2,0,6,6,16,38,147,7,42,34,1,0.416053686,1.4,0.50261780105,2784,0.49012307374,0.50987692626,0.23342641431,0.16594904916,0.15513993541,17066.66667,0.74688571944,1.67
85,1106081,299,용신동,동대문구,5,1,6,38,59,93,424,68,129,90,3,0.340924687,5.7,0.56170944369,9148,0.48700937826,0.51299062174,0.097777005905,0.17596108786,0.15758770583,8208.064516,0.29393343976,0.87
142,1109074,300,우이동,강북구,1,0,5,3,6,57,267,18,67,48,1,0.361219665,0.3,0.36114055544,3407,0.47710036974,0.52289963026,0.12457830675,0.13515672729,0.1267681752,7859.891228,0.44827220691,1.07
260,1116074,301,우장산동,강서구,2,0,6,40,52,108,176,58,47,44,3,0.29581589,2.8,0.22757071749,3749,0.47860326488,0.52139673512,0.27885483033,0.13474447813,0.14851667388,18302.7027,0.33082432925,0.69
46,1103072,302,원효로1동,용산구,2,1,6,16,31,47,225,24,48,56,0,0.416053686,5.5,0.45097493036,3238,0.48299274885,0.51700725115,0.068259723138,0.1780554327,0.19504643963,18219.17808,0.57618384401,1.64
36,1103057,303,원효로2동,용산구,2,0,6,13,14,41,74,6,33,28,0,0.416053686,2.7,0.32457598936,1952,0.47753066606,0.52246933394,2.2742175857,0.13699677537,0.14560686147,14854.16667,0.68789491187,1.51
158,1111051,304,월계1동,노원구,6,0,6,15,9,86,336,40,95,69,3,0.486077647,3.7,0.40772614267,4264,0.46548076923,0.53451923077,0.11480769231,0.17511682499,0.14152826836,8137.037037,0.4344042838,1.05
159,1111052,305,월계2동,노원구,6,0,6,5,11,63,121,19,67,19,3,0.486077647,1.9,0.32279829545,3636,0.47533933611,0.52466066389,0.75399811853,0.13608959369,0.12892794505,8834.782609,0.4033203125,0.93
160,1111053,306,월계3동,노원구,6,1,6,20,19,72,88,33,58,17,3,0.486077647,3,0.26659487732,3466,0.48501712329,0.51498287671,0.2946347032,0.14963427996,0.151396251,8834.782609,0.34943465887,0.83
121,1108071,307,월곡1동,성북구,7,1,5,21,33,77,166,36,75,19,2,0.405292278,3.8,0.2862591869,3077,0.49459589288,0.50540410712,0.14669148553,0.12978098003,0.13764920959,8275.806452,0.34831147083,0.91
122,1108072,308,월곡2동,성북구,7,0,5,14,13,68,194,40,70,44,4,0.405292278,2.7,0.40722755505,3606,0.47918978912,0.52081021088,0.6102346599,0.15126152945,0.15821580206,8275.806452,0.42281197064,1.23
406,1124082,309,위례동,송파구,1,0,7,2,8,40,164,11,26,20,3,0.464322487,0.4,0.11721329518,1065,0.48124040528,0.51875959472,0.6363217685,0.13230779726,0.15338699775,18180,0.67026194145,1.01
334,1121078,310,은천동,관악구,1,2,5,41,45,110,254,35,93,46,4,0.591651669,7.7,0.38830545832,5990,0.48945532263,0.51054467737,0.12867335072,0.16643946494,0.16375564454,9480.459364,0.36807986516,0.74
24,1102060,311,을지로동,중구,2,3,7,10,19,19,324,21,259,64,2,0.153731482,1.5,0.7834179357,926,0.48359698005,0.51640301995,0.20870034154,0.11933485491,0.089664166938,18235.71429,3.8781725888,12.22
54,1104058,312,응봉동,성동구,2,1,4,13,8,30,32,15,16,5,1,0.221037581,2.9,0.26394884093,1651,0.49243170296,0.50756829704,0.1405332458,0.13016225295,0.14176888702,3300,0.48377298161,1.50
183,1112059,313,응암1동,은평구,1,1,5,27,23,110,253,53,65,48,0,0.480012358,3.7,0.39387445308,4411,0.49474821301,0.50525178699,0.23576731251,0.14458893542,0.15259151252,10277.93103,0.4019108849,0.99
184,1112060,314,응암2동,은평구,1,0,5,4,3,22,48,5,23,9,0,0.480012358,3.1,0.29000715478,2432,0.51360769265,0.48639230735,0.22332495258,0.14051769678,0.14258272103,10188.02817,0.5367278798,1.15
191,1112073,315,응암3동,은평구,1,1,5,12,22,138,444,53,135,59,0,0.480012358,8.7,0.44318455971,5511,0.49118530449,0.50881469551,0.17342097245,0.14758785217,0.13757194789,10148.25175,0.36196220346,0.89
92,1106089,316,이문1동,동대문구,5,1,6,18,30,94,274,34,72,59,2,0.340924687,7.7,0.5575727952,7985,0.52644299937,0.47355700063,0.24612994188,0.19295166556,0.16920565832,6009.708738,0.33426436701,0.75
93,1106090,317,이문2동,동대문구,5,0,6,13,16,54,110,16,44,20,2,0.340924687,4,0.31681232751,2755,0.49198652511,0.50801347489,0.19114944875,0.14166647741,0.13898666909,6022.077922,0.55048298068,1.06
39,1103063,318,이촌1동,용산구,2,1,6,30,66,82,277,63,88,58,0,0.416053686,0.8,0.21615483361,2189,0.4952542586,0.5047457414,0.27795587403,0.11414177491,0.13951914582,11800,0.40851189888,0.91
40,1103064,319,이촌2동,용산구,2,0,6,3,11,18,45,4,23,8,0,0.416053686,1,0.32434534612,1251,0.49942313239,0.50057686761,0.46596481108,0.14702526487,0.14582993752,11800,1.0725952813,2.28
41,1103065,320,이태원1동,용산구,2,1,6,9,18,47,577,9,78,67,1,0.416053686,3.9,0.5812871543,2249,0.4921816828,0.5078183172,0.24944154877,0.16371912544,0.1621520782,13072.46377,1.0692685448,2.45
42,1103066,321,이태원2동,용산구,2,0,6,8,27,50,370,8,37,44,1,0.416053686,3,0.524052181,2571,0.49050691244,0.50949308756,0.22714285714,0.15976005723,0.16603379011,13863.11688,0.8432531594,2.05
10,1101064,322,이화동,종로구,5,1,7,16,9,17,364,25,61,118,0,0.295603883,3.4,0.58814352574,2639,0.49098671727,0.50901328273,0.17134724858,0.18252862422,0.20615496456,11335.41667,0.99375975039,2.90
143,1109075,323,인수동,강북구,1,1,5,19,10,74,176,19,85,30,1,0.361219665,1.8,0.36715415296,5247,0.49070959475,0.50929040525,0.19093384591,0.14181504794,0.13118084304,7639.959927,0.29592050941,0.77
324,1121062,324,인헌동,관악구,1,0,5,35,43,104,211,44,85,55,4,0.591651669,6.7,0.5207310026,7209,0.49129801215,0.50870198785,0.41079431415,0.20422625244,0.19577009479,9480.459364,0.41014157758,0.86
372,1123073,325,일원1동,강남구,1,1,6,11,14,44,135,26,41,41,4,2.103431263,3.3,0.39519852262,2996,0.4890921886,0.5109078114,0.22554539057,0.16163774181,0.15423336943,11166.66667,1.0749241525,1.29
373,1123074,326,일원2동,강남구,1,1,6,8,17,29,70,33,26,15,8,2.103431263,1.6,0.30413325108,1972,0.48775449985,0.51224550015,0.14691321596,0.15192042846,0.14524866106,18964.28571,1.2567859346,1.36
371,1123072,327,일원본동,강남구,1,0,6,23,21,47,78,24,35,15,4,2.103431263,0.6,0.18389697918,1528,0.49357892763,0.50642107237,0.87275028121,0.1249725368,0.13178341023,17588.2353,0.98074377181,1.05
77,1105064,328,자양1동,광진구,3,1,4,35,32,84,229,39,79,58,1,0.251689379,9.4,0.47125220459,5344,0.47171429362,0.52828570638,0.59326675703,0.17576382507,0.18031427226,14688.5932,0.46931216931,0.97
78,1105065,329,자양2동,광진구,3,0,4,41,25,69,128,25,50,33,1,0.251689379,2.3,0.33880557281,3818,0.5187090739,0.4812909261,0.2485383536,0.1625677985,0.15868563786,15190.6383,0.4722690567,0.92
79,1105066,330,자양3동,광진구,3,1,4,88,67,134,334,52,114,71,1,0.251689379,2.3,0.24688008681,2730,0.52610081242,0.47389918758,0.20256744019,0.14778968963,0.15890741844,15280.7018,0.48128052089,0.91
80,1105067,331,자양4동,광진구,3,1,4,30,35,126,388,37,172,99,1,0.251689379,4.5,0.51285069649,5228,0.51518208413,0.48481791587,0.37671071657,0.16398176978,0.15497946844,15176.087,0.52207180695,0.87
403,1124079,332,잠실2동,송파구,1,1,7,35,51,87,133,60,60,37,5,0.464322487,0.9,0.15673252532,1888,0.51018675722,0.48981324278,0.1489589849,0.10578754174,0.14067286728,11639.59712,0.50556201229,0.83
404,1124080,333,잠실3동,송파구,1,0,7,18,47,64,245,55,88,38,5,0.464322487,1.4,0.16657269432,2068,0.49508247744,0.50491752256,1.266075319,0.1286120615,0.15176498069,11639.59712,0.49053564237,0.84
400,1124075,334,잠실4동,송파구,1,1,7,11,23,29,41,26,21,5,3,0.464322487,1.1,0.16863422593,1757,0.50992436164,0.49007563836,0.34118483172,0.14538414442,0.16730925157,18954.5455,0.58450906997,0.90
401,1124077,335,잠실6동,송파구,1,0,7,20,24,71,412,55,101,92,3,0.464322487,0.3,0.16234975453,959,0.50578214024,0.49421785976,0.15484853613,0.14055392411,0.15417170496,18954.5455,1.030980193,1.63
402,1124078,336,잠실7동,송파구,1,0,7,3,10,23,33,17,23,4,5,0.464322487,0.8,0.14084911073,491,0.51206459487,0.48793540513,0.15876443526,0.11555814292,0.13923252316,11639.59712,1.7469879518,2.04
399,1124071,337,잠실본동,송파구,1,0,7,54,53,143,579,80,115,125,5,0.464322487,7.7,0.50024206377,7233,0.49987835536,0.50012164464,0.24580326008,0.18528353606,0.20553366455,11639.59712,0.42119095373,0.94
344,1122055,338,잠원동,서초구,3,0,7,40,56,120,404,80,62,78,2,0.491841786,2.6,0.3290875072,4573,0.50030021015,0.49969978985,0.23501451016,0.13766747461,0.16200984401,10842.65,0.35902417962,0.72
90,1106087,339,장안1동,동대문구,5,1,6,26,56,135,393,62,118,65,1,0.340924687,5.5,0.39957877494,6830,0.50025878429,0.49974121571,0.15389039048,0.16137605396,0.15713996627,12710.75269,0.28005616334,0.80
91,1106088,340,장안2동,동대문구,5,2,6,63,42,155,442,51,128,79,1,0.340924687,3.8,0.33028107333,4148,0.4999718294,0.5000281706,1.3226097245,0.14709899256,0.14118611116,12710.75269,0.38116092046,0.92
123,1108076,341,장위1동,성북구,7,0,5,14,8,75,140,19,39,16,0,0.405292278,4.6,0.35601743212,3186,0.49902212178,0.50097787822,0.86183667261,0.14499386092,0.12434423485,11087.5,0.41837076768,1.05
124,1108077,342,장위2동,성북구,7,1,5,7,16,73,211,29,116,20,0,0.405292278,4.1,0.37603474013,2771,0.47352080192,0.52647919808,4.5124042698,0.14362007437,0.12480347383,8055.55556,0.50807436559,1.11
125,1108078,343,장위3동,성북구,7,0,5,8,8,49,75,16,43,9,0,0.405292278,2.6,0.35243553009,1722,0.5505126183,0.4494873817,1.5533123028,0.13191748497,0.11890081449,5700,0.76627097831,1.76
405,1124081,344,장지동,송파구,1,1,7,29,25,72,167,29,77,36,3,0.464322487,2.6,0.26628323872,3565,0.51496375964,0.48503624036,0.22270282909,0.15245313911,0.15256605691,7291.66667,0.45488497162,0.85
22,1102058,345,장충동,중구,2,1,7,2,11,26,159,6,68,48,1,0.153731482,1.2,0.60524344569,1616,0.60889046103,0.39110953897,2.1426718547,0.22515952598,0.1871771498,8290.16393,1.7168539326,4.09
87,1106083,346,전농1동,동대문구,5,2,6,29,37,111,326,39,236,59,2,0.340924687,5.6,0.47293630391,6623,0.5005812175,0.4994187825,0.1704496788,0.15345882194,0.13823459836,9189.583333,0.34183090546,0.86
88,1106084,347,전농2동,동대문구,5,0,6,23,13,63,124,24,41,34,2,0.340924687,2.4,0.26530612245,2028,0.48348055923,0.51651944077,0.35313347708,0.13366094568,0.13202288397,9189.583333,0.62624280481,1.15
115,1108062,348,정릉1동,성북구,7,0,5,28,21,61,112,19,50,19,0,0.405292278,4.5,0.28463619536,1999,0.48106591865,0.51893408135,0.1221754714,0.13760775862,0.14172952586,6816.12903,0.53310551047,1.23
116,1108063,349,정릉2동,성북구,7,1,5,23,22,58,153,26,55,25,0,0.405292278,2.5,0.30100926022,2893,0.48801635992,0.51198364008,0.16973415133,0.14272668784,0.13463254675,6710,0.38955363646,0.98
117,1108064,350,정릉3동,성북구,7,0,5,11,11,47,221,5,74,38,0,0.405292278,1,0.48510131108,3663,0.48845470693,0.51154529307,0.66017508247,0.17197471772,0.13761045655,6697.22222,0.4958283671,1.35
118,1108065,351,정릉4동,성북구,7,1,5,21,11,71,176,42,83,33,0,0.405292278,1.1,0.32102118414,3546,0.46927189914,0.53072810086,0.46504719783,0.13853204255,0.14201052748,7048.97959,0.33894622488,0.93
86,1106082,352,제기동,동대문구,5,1,6,28,57,91,471,438,641,49,1,0.340924687,5.5,0.51257466206,6522,0.46868659078,0.53131340922,0.13154727104,0.17180932458,0.14236736591,10585.55556,0.37621817039,0.89
332,1121072,353,조원동,관악구,1,1,5,41,36,98,301,27,101,56,1,0.591651669,9,0.59972119884,6023,0.47141619749,0.52858380251,0.088891294933,0.20293177123,0.18691456547,13135,0.56536891367,1.21
8,1101061,354,종로1.2.3.4가동,종로구,5,5,7,76,51,118,1477,96,601,360,4,0.295603883,1.8,0.78344905236,4175,0.51462054841,0.48537945159,0.9427693708,0.14170646518,0.12181908903,7416.66667,0.83674235316,3.46
9,1101063,355,종로5.6가동,종로구,5,2,7,13,22,52,413,76,769,58,1,0.295603883,3.5,0.65467171717,2074,0.47902447902,0.52097552098,0.29265629266,0.17138888889,0.11962962963,6345.45455,1.4075126263,3.91
129,1108084,356,종암동,성북구,7,2,5,65,59,127,281,66,105,69,2,0.405292278,4.1,0.3557833952,6038,0.47546186641,0.52453813359,0.4468498342,0.15306493885,0.1414895166,10519.44444,0.22061163161,0.66
165,1111061,357,중계1동,노원구,6,1,6,52,16,52,115,19,37,30,1,0.486077647,2.2,0.15235487404,1391,0.49035769007,0.50964230993,1.6843662493,0.089627151052,0.099580032778,13041.6667,0.49759036145,0.91
175,1111078,358,중계2.3동,노원구,6,1,6,14,18,52,122,30,42,24,1,0.486077647,5.1,0.29672882121,4599,0.50425638458,0.49574361542,0.69475045902,0.13215372907,0.13097412481,13041.6667,0.29311568488,0.65
166,1111064,359,중계4동,노원구,6,0,6,24,12,69,234,37,54,43,1,0.486077647,1.4,0.27740863787,2338,0.47592409784,0.52407590216,0.25227596797,0.12695734341,0.11879049676,9208.33333,0.53903654485,1.07
164,1111060,360,중계본동,노원구,6,0,6,54,23,92,182,33,49,48,1,0.486077647,1.1,0.23039428076,2127,0.48815015111,0.51184984889,0.29123588357,0.103933288,0.10778068072,13041.6667,0.49209272097,0.93
68,1105055,361,중곡1동,광진구,3,1,4,17,43,75,199,33,115,43,1,0.251689379,5.7,0.45435791645,3524,0.49004817945,0.50995182055,0.19524524129,0.18115106069,0.17586361597,13534.2183,0.6861784425,1.37
69,1105056,362,중곡2동,광진구,3,1,4,45,62,153,216,44,82,89,1,0.251689379,7.7,0.41287099618,4215,0.47839026915,0.52160973085,0.19888716356,0.17440075836,0.17706405453,13702.2857,0.52130473112,1.02
70,1105057,363,중곡3동,광진구,3,1,4,8,19,55,153,19,46,33,1,0.251689379,6.2,0.44191588228,3709,0.50103202217,0.49896797783,0.15486229876,0.16979619876,0.15365239295,13554.1538,0.63409984511,1.26
71,1105058,364,중곡4동,광진구,3,1,4,35,40,113,226,41,130,68,1,0.251689379,2,0.35520825431,4682,0.48166023166,0.51833976834,0.29624155405,0.15842806522,0.15143741282,13440.8228,0.40376299219,0.78
27,1102068,365,중림동,중구,2,1,7,5,11,38,150,21,44,25,0,0.153731482,5,0.42578262399,2421,0.47271901952,0.52728098048,0.24266908761,0.14438664408,0.14553593032,10385.71429,0.80619064369,2.20
323,1121061,366,중앙동,관악구,1,0,5,18,44,74,193,42,59,33,4,0.591651669,14.1,0.62115036232,5486,0.4777060966,0.5222939034,0.15059394863,0.21043202646,0.21938951285,10463.63636,0.64288949275,1.43
101,1107061,367,중화1동,중랑구,1,0,5,23,16,83,97,24,60,12,2,0.211373461,4.4,0.33853869828,2970,0.48675562637,0.51324437363,0.14240191197,0.16491606715,0.15434052758,13843.3962,0.57460389832,1.12
102,1107062,368,중화2동,중랑구,1,1,5,16,29,118,347,32,106,47,2,0.211373461,7.2,0.49495161969,7059,0.50145654637,0.49854345363,0.2180773588,0.15445845469,0.13790545797,13467.9245,0.35345673819,0.82
187,1112067,369,증산동,은평구,1,0,5,14,9,58,146,15,39,25,3,0.480012358,2.9,0.34352907228,2381,0.48527424059,0.51472575941,0.13904104717,0.14806241873,0.13914174252,16611.1111,0.6494012408,1.38
189,1112071,370,진관동,은평구,1,1,5,59,37,84,287,52,122,57,1,0.480012358,0.4,0.25300124533,5079,0.5000224346,0.4999775654,0.16538789429,0.11325171048,0.13861986619,9792,0.22420921544,0.66
151,1110059,371,창1동,도봉구,1,0,5,12,16,59,122,31,46,33,2,0.240858753,3.8,0.30899082569,3368,0.47675939135,0.52324060865,0.15717625614,0.14241803279,0.14013100117,8015.44792,0.22366972477,0.87
152,1110060,372,창2동,도봉구,1,1,5,19,18,102,186,26,109,27,2,0.240858753,3.3,0.28423521799,3514,0.48132337247,0.51867662753,0.29333739899,0.15132731875,0.14926656714,8163.04717,0.19720132654,0.82
153,1110061,373,창3동,도봉구,1,0,5,6,6,56,195,24,105,23,2,0.240858753,3.6,0.36687725632,2439,0.49076737497,0.50923262503,0.084578268535,0.14229803333,0.12876292358,8363.14444,0.36672683514,1.44
154,1110062,374,창4동,도봉구,1,2,5,27,18,60,137,30,70,26,2,0.240858753,2.7,0.24779683502,2615,0.49096657633,0.50903342367,0.18687895212,0.13603423875,0.13830204444,8272.741176,0.23102435326,0.95
155,1110063,375,창5동,도봉구,1,0,5,28,20,80,161,34,55,47,2,0.240858753,3.5,0.24812942366,2454,0.49407803764,0.50592196236,0.25202909878,0.14866390666,0.1505833647,8381.13187,0.24651162791,1.01
11,1101067,376,창신1동,종로구,5,0,7,12,13,33,177,20,198,36,2,0.295603883,5.7,0.58603573792,1771,0.47525068773,0.52474931227,0.15092732274,0.1416137806,0.1124206709,10125,1.4755129054,3.29
12,1101068,377,창신2동,종로구,5,1,7,3,9,25,87,11,29,18,2,0.295603883,7.5,0.46073793756,1948,0.46614583333,0.53385416667,3.0848524306,0.14462568408,0.11981297487,10125,1.0546357616,1.94
13,1101069,378,창신3동,종로구,5,1,7,6,9,14,20,4,13,3,2,0.295603883,3.7,0.29256428075,842,0.46845924823,0.53154075177,0.33606252326,0.14830140826,0.14262831209,10125,1.5493398193,2.65
193,1113052,379,천연동,서대문구,9,1,5,22,17,65,194,44,97,26,1,0.335271061,3.4,0.39896993652,3331,0.46643322869,0.53356677131,0.17773484666,0.13879464401,0.14014141048,5642.85714,0.43897472751,1.18
415,1125061,380,천호1동,강동구,0,0,6,22,32,99,189,24,47,25,3,0.802558907,7.1,0.38758013439,5018,0.48121442125,0.51878557875,0.35009487666,0.15618855383,0.1458351459,14733.3163,0.34463582297,0.86
423,1125073,381,천호2동,강동구,0,1,6,44,63,173,542,90,140,102,3,0.802558907,5.2,0.46615770283,8182,0.4542275252,0.5457724748,5.5389837482,0.1623772242,0.15459074733,14681.0606,0.25421604376,0.81
416,1125063,382,천호3동,강동구,0,0,6,19,39,104,260,35,61,52,3,0.802558907,7.8,0.45851397817,6134,0.47636126508,0.52363873492,1.5725464623,0.1674660352,0.15755252754,14723.1122,0.33353266557,0.89
31,1102072,383,청구동,중구,2,0,7,25,20,31,103,16,31,26,4,0.153731482,7.2,0.37759207676,2440,0.49325908558,0.50674091442,0.23256154748,0.15491111933,0.15504553244,11732.14286,0.70937790158,1.46
377,1123078,384,청담동,강남구,1,1,6,77,59,324,641,194,164,158,1,2.103431263,1.8,0.35387019824,4302,0.50574940523,0.49425059477,0.67595162569,0.1485085287,0.17496008739,25221.2069,0.67031339969,1.20
84,1106080,385,청량리동,동대문구,5,2,6,17,18,71,228,39,58,39,0,0.340924687,4,0.45553124703,4789,0.46555901696,0.53444098304,1.8497750087,0.13926568191,0.12125410624,8461.538462,0.45534100637,1.07
336,1121080,386,청룡동,관악구,1,1,5,36,59,122,307,38,109,74,4,0.591651669,10.3,0.69000791229,12209,0.58550383029,0.41449616971,13.051620507,0.22580356022,0.23491027732,13005.2632,0.32089974002,0.87
320,1121054,387,청림동,관악구,1,0,5,14,19,43,54,13,26,11,4,0.591651669,6.5,0.295,1947,0.54496883348,0.45503116652,4.1659839715,0.15723798668,0.15426840242,12583.3333,0.8603030303,1.33
16,1101072,388,청운효자동,종로구,5,2,7,11,24,40,230,13,62,48,2,0.295603883,0.7,0.35466617484,1923,0.54146029717,0.45853970283,1.0129413644,0.13303107376,0.14751741679,11666.6667,0.8223902619,1.69
45,1103071,389,청파동,용산구,2,1,6,13,19,61,236,22,85,43,0,0.416053686,6.5,0.55764683628,5896,0.50563007931,0.49436992069,0.23783413297,0.16889611808,0.18758952198,10076.2821,0.39127967464,1.09
203,1113073,390,충현동,서대문구,9,1,5,28,34,79,535,51,109,102,2,0.335271061,3.9,0.49050380985,4313,0.49210807919,0.50789192081,0.11690743713,0.15700769591,0.15237359667,9647.05882,0.4168088252,1.39
4,1101056,391,평창동,종로구,5,1,7,23,27,52,206,18,59,61,0,0.295603883,0.3,0.32622713515,2479,0.47137447093,0.52862552907,0.47634959531,0.13107104984,0.13372216331,26333.3333,0.58678773523,1.26
380,1124051,392,풍납1동,송파구,1,0,7,6,13,56,123,10,39,13,0,0.464322487,3.3,0.36784622106,2526,0.47097212071,0.52902787929,0.15610316383,0.15404814004,0.14392414296,7924.375,0.88685015291,1.33
381,1124052,393,풍납2동,송파구,1,1,7,20,18,72,122,31,36,26,0,0.464322487,2.3,0.35606133668,3692,0.46158003341,0.53841996659,0.44345091874,0.15230822365,0.17790398711,8455.71429,0.58732761115,1.12
21,1102057,394,필동,중구,2,1,7,13,14,26,319,22,52,76,2,0.153731482,1.2,0.61354581673,1386,0.5206776283,0.4793223717,6.4462713835,0.17569253806,0.14898926878,10429.5775,2.0292164675,4.64
162,1111058,395,하계1동,노원구,6,1,6,14,16,46,150,22,40,29,1,0.486077647,3,0.37363526082,4620,0.48570679255,0.51429320745,0.62791765014,0.13927975197,0.12643521515,8766.666667,0.36740800647,0.87
163,1111059,396,하계2동,노원구,6,0,6,8,9,27,32,13,20,4,1,0.486077647,3,0.18509644184,1545,0.48165585858,0.51834414142,0.35844363507,0.1264733282,0.12987565312,8766.666667,0.54426740146,0.93
47,1103073,397,한강로동,용산구,2,2,6,8,76,71,477,47,189,134,5,0.416053686,1.8,0.55782604044,5214,0.43908181283,0.56091818717,34.098293114,0.15945674044,0.1629778672,16300,0.44260190435,1.93
48,1103074,398,한남동,용산구,2,1,6,15,47,87,595,31,91,118,2,0.416053686,2,0.54077331867,5902,0.51985815603,0.48014184397,23.064184397,0.17045055,0.17637751771,25735.64103,0.37905442551,1.26
212,1114068,399,합정동,마포구,3,0,7,14,34,87,385,21,60,79,0,0.314850839,2.9,0.50280723643,4836,0.4961272333,0.5038727667,0.40710523598,0.18839325519,0.21212598012,12488.50575,0.61062590975,1.22
52,1104056,400,행당1동,성동구,2,1,4,15,20,42,197,42,58,35,4,0.221037581,4.6,0.42789672544,2718,0.49402515723,0.50597484277,2.9178197065,0.1596381301,0.15875809631,8773.22581,0.47638539043,1.47
53,1104057,401,행당2동,성동구,2,1,4,31,21,58,89,48,35,18,4,0.221037581,5.5,0.24310909283,2302,0.4749090107,0.5250909893,0.19648174699,0.13800195886,0.15028403526,8752.272727,0.31956912029,1.00
321,1121057,402,행운동,관악구,1,0,5,42,42,126,245,41,94,50,4,0.591651669,13.7,0.59366341405,9856,0.62244333886,0.37755666114,16.452183527,0.22012386528,0.22372104861,6072.173913,0.34200698711,0.82
17,1101073,403,혜화동,종로구,5,2,7,21,29,40,522,23,83,135,1,0.295603883,4.7,0.57942794279,5267,0.48781779661,0.51218220339,1.7432909605,0.2024580491,0.18777883315,11714.28571,0.49053905391,1.14
197,1113066,404,홍은1동,서대문구,9,1,5,14,16,73,162,19,44,21,0,0.335271061,2,0.3298220495,3225,0.50240289924,0.49759710076,0.60482155519,0.13580325369,0.12699118793,8721.428571,0.37482102679,1.01
198,1113068,405,홍은2동,서대문구,9,1,5,22,12,55,223,21,55,39,0,0.335271061,2.3,0.37373415198,4687,0.4762351051,0.5237648949,0.25813361896,0.14611879909,0.13814559179,8721.428571,0.29224144805,0.87
194,1113062,406,홍제1동,서대문구,9,1,5,15,14,55,126,29,32,29,2,0.335271061,2.5,0.329584866,3136,0.49769953991,0.50230046009,4.8159631926,0.14391545464,0.14016950926,13273.68421,0.3851812927,0.97
196,1113065,407,홍제2동,서대문구,9,0,5,7,8,29,61,13,19,8,2,0.335271061,1.6,0.27978741642,1632,0.49021968101,0.50978031899,0.48412578995,0.13836120401,0.14160535117,13273.68421,0.62832161838,1.50
195,1113064,408,홍제3동,서대문구,9,0,5,10,7,45,166,28,81,30,2,0.335271061,3.2,0.36233511086,2582,0.54614476126,0.45385523874,8.8645183061,0.13882943586,0.12762584225,12259.0909,0.51431378052,1.30
259,1116073,409,화곡1동,강서구,2,1,6,27,50,157,404,56,120,94,3,0.29581589,10,0.43808067741,11175,0.50153995785,0.49846004215,0.201437294,0.19451297074,0.18416335813,14080,0.21365008428,0.56
246,1116057,410,화곡2동,강서구,2,0,6,15,10,48,49,9,57,17,3,0.29581589,5.7,0.32535827059,2679,0.50492395911,0.49507604089,0.38163799551,0.16566447701,0.15965133906,15555,0.66188972553,1.14
247,1116058,411,화곡3동,강서구,2,1,6,41,29,74,198,31,64,59,3,0.29581589,5.7,0.31927975406,2908,0.500074985,0.499925015,0.24820035993,0.15472816846,0.15958930985,16850,0.5983750549,1.11
248,1116059,412,화곡4동,강서구,2,1,6,21,15,93,195,20,76,58,3,0.29581589,4.3,0.35584759576,3493,0.50018222903,0.49981777097,0.25657846782,0.16693811075,0.15390879479,15710,0.55521597392,1.04
249,1116061,413,화곡6동,강서구,2,2,6,24,45,117,443,37,93,106,3,0.29581589,3.9,0.39915735483,4358,0.49519550947,0.50480449053,0.17610122729,0.16991185501,0.16907992473,14355,0.4991756732,1.09
250,1116063,414,화곡8동,강서구,2,0,6,10,25,89,165,39,79,42,3,0.29581589,7.8,0.35523135359,4115,0.51155533886,0.48844466114,0.29019990249,0.17095828209,0.16872575915,16250,0.47047651934,0.90
245,1116055,415,화곡본동,강서구,2,0,6,21,27,89,180,25,66,36,3,0.29581589,5.6,0.39053774236,6224,0.49683938746,0.50316061254,0.18585292023,0.17950656697,0.17576801367,8447.368421,0.34197151283,0.73
66,1105053,416,화양동,광진구,3,1,4,38,59,149,741,44,140,226,3,0.251689379,10,0.76454275338,11579,0.49767125153,0.50232874847,0.20315947161,0.26638568931,0.30240187744,7077.393225,0.35140310333,1.04
26,1102067,417,황학동,중구,2,0,7,4,18,21,149,14,97,22,0,0.153731482,10.2,0.52331202245,3356,0.4888809281,0.5111190719,0.14795116978,0.18117303277,0.18430390315,14375.82418,0.71479806643,1.76
81,1106071,418,회기동,동대문구,5,0,6,17,16,39,277,17,41,56,0,0.340924687,4.8,0.6269165247,3680,0.49264094665,0.50735905335,0.2304043812,0.21680632033,0.21843428298,6214.788732,0.81550255537,1.92
19,1102054,419,회현동,중구,2,4,7,8,28,77,604,68,1009,136,3,0.153731482,2.7,0.68236013452,2232,0.48933777916,0.51066222084,0.24658808933,0.11481935089,0.11879975505,10775,1.4014062978,4.64
37,1103058,420,효창동,용산구,2,0,6,8,9,10,43,11,22,9,1,0.416053686,3,0.35538296733,1327,0.49260823654,0.50739176346,0.4989968321,0.15103551883,0.15441570984,16286.36364,1.1079271559,2.25
33,1103051,421,후암동,용산구,2,1,6,10,21,40,118,16,49,16,0,0.416053686,4.5,0.45721987811,3901,0.49042284938,0.50957715062,0.24139268742,0.15958326443,0.14927512265,14888.46154,0.48488045007,1.19
82,1106072,422,휘경1동,동대문구,5,0,6,11,12,45,153,20,32,24,1,0.340924687,6,0.55412710007,3793,0.4813376864,0.5186623136,0.27199329392,0.18546977422,0.17844136926,6294.4444,0.69934258583,1.54
83,1106073,423,휘경2동,동대문구,5,0,6,19,32,48,115,17,51,28,1,0.340924687,4.7,0.4404140414,4893,0.49336441041,0.50663558959,0.17671122104,0.17508519347,0.16068800032,6275.8197,0.43087308731,0.98
316,1120071,424,흑석동,동작구,3,0,5,15,33,80,264,31,62,41,1,0.268762902,3.1,0.39793542378,5127,0.51514096763,0.48485903237,0.26160807518,0.16501403466,0.15250488162,10535.7143,0.25046569388,0.73
