"code","동","구","집세","청년남자비율","청년여자비율","범죄안전","교통안전","편의시설","쇼핑시설","외식시설","대중교통","체육시설"
1124066,"가락1동","송파구",56.9771910407954,47.0707713669611,31.1785385732888,247.378537825137,312.604715993664,103.841505561034,44.8424087550711,35.4743007975175,68.1603647015657,33.7789872083464
1124067,"가락2동","송파구",57.4854026604533,43.0831943548401,47.2410504257434,47.7929103671075,43.9760909290037,65.7843962827177,45.003358095459,44.8489042615763,68.1603647015657,48.0065281278126
1124065,"가락본동","송파구",55.9308061334442,56.4341529986759,54.7476199309165,48.1356228987788,46.6169543291675,65.9177428464114,47.5785475416647,63.3074258109634,68.1603647015657,73.2676722093138
1117070,"가리봉동","구로구",39.4821130164662,36.1243853287242,19.9982451671811,52.7172388387537,49.0465486573182,66.8511687922709,47.9004462224404,48.4824714957076,30.4152929688998,51.7811818411403
1118051,"가산동","금천구",33.8420962561803,104.663696536417,69.9116037293941,45.2972492867689,57.0747733938161,54.8766473725346,69.4676578344136,94.4107613351276,49.2878288352327,94.1734466215906
1116064,"가양1동","강서구",68.4458039627349,64.9683522033512,72.5101387544033,45.4757510627896,45.7718780411151,66.8511687922709,53.2117744552398,81.9839613943985,77.5966326347321,64.5569328708651
1116065,"가양2동","강서구",58.8745371147304,55.5904553785083,50.644990474284,49.8664489304856,50.5254321614099,54.2099145540637,39.5310805222717,35.9830002102958,49.2878288352327,38.424714855519
1116066,"가양3동","강서구",56.5140720980974,60.899899783449,54.9338522366219,50.3102108081314,50.1028940173837,123.550127675032,39.8529792030475,34.5295733166433,49.2878288352327,36.1018510319327
1101060,"가회동","종로구",41.1520264348679,33.6189461094343,45.2034405015703,67.650892941642,83.4834073954541,86.1597512151866,43.3938646915804,47.6104153595161,30.4152929688998,55.2654775765198
1112055,"갈현1동","은평구",48.8150089185955,47.9558338148147,43.1014073279546,46.6838822766753,45.4549744330955,67.7845947381298,50.7975343494219,58.4384457172274,39.8515609020663,58.459415333951
1112056,"갈현2동","은평구",48.8150089185955,47.0847650196805,46.086746736851,46.1460904012398,44.2929945370234,55.5433801910049,55.4650652206698,56.8396761342097,39.8515609020663,54.1040456647266
1125051,"강일동","강동구",33.0323844736915,29.8497958708231,37.6511538323935,46.5990871226865,44.39862907303,65.9177428464114,40.335827224211,36.92772769117,39.8515609020663,38.7150728334673
1117072,"개봉1동","구로구",63.8158901280385,43.7329917296917,40.9948548605442,46.4244566571605,43.3422837129644,64.9843169005524,49.1880409455433,50.5899404915038,39.8515609020663,51.490823863192
1117064,"개봉2동","구로구",63.7707646360581,47.6818687063844,46.70557829132,46.8829036751905,43.6591873209841,54.4766076814517,43.7157633723561,41.8693791295886,39.8515609020663,42.1993685688468
1117065,"개봉3동","구로구",63.8158901280385,47.5800897618677,42.3140094526752,49.2421277063081,46.7225888651741,67.1178619196589,41.7843712877018,38.671839963553,39.8515609020663,39.5861467673122
1123068,"개포1동","강남구",81.89362655234,50.4062355246498,45.8013537371045,60.5679287755402,47.1451270092003,77.758917702454,38.2434857991689,32.2767616314819,49.2878288352327,34.6500611421912
1123080,"개포2동","강남구",81.89362655234,45.6868643354689,45.9931453966068,61.60632910126,50.3141630893968,79.0923833393958,42.5891179896411,42.2327358530017,77.5966326347321,43.3608004806399
1123071,"개포4동","강남구",82.1625894873714,55.1535818223974,50.66315571161,54.3237017883001,50.3141630893968,71.1182588304844,43.7157633723561,45.284932329672,49.2878288352327,46.2643802601228
1124053,"거여1동","송파구",67.095149650854,44.7329906699206,34.5509980866796,55.6236774729265,53.2719300975803,108.241942162941,40.335827224211,38.1631405507746,39.8515609020663,40.7475786791053
1124054,"거여2동","송파구",67.095149650854,43.092958797457,37.0609575456584,51.9154836779022,49.2578177293313,100.801203908807,40.1748778838232,36.7823850018047,39.8515609020663,40.7475786791053
1125055,"고덕1동","강동구",51.9046396749221,44.2285162218315,38.6993058684629,47.6964810162378,44.6098981450431,67.3845550470475,41.3015232665382,38.090469206092,39.8515609020663,37.2632829437259
1125056,"고덕2동","강동구",43.1070470247685,41.6807764312993,23.4696786573777,56.9153367900807,63.2015764821961,65.251010027941,41.9453206280896,37.3637557592657,39.8515609020663,37.2632829437259
1117061,"고척1동","구로구",43.3297021593432,45.6679710095653,39.5257194275727,48.6106403155331,46.1944161851413,58.4770045922771,43.3938646915804,50.735283180869,30.4152929688998,52.9426137529335
1117062,"고척2동","구로구",47.8920791333131,41.4492574669813,40.4321494332537,47.3347714949354,44.2929945370234,90.4001719406612,49.9927876474826,42.0147218189538,30.4152929688998,42.7800845247434
1114077,"공덕동","마포구",48.5416932279739,51.8631551506649,57.0111583701341,45.6500985211294,43.3422837129644,66.5844756648823,45.003358095459,42.5960925764149,68.1603647015657,45.1029483483297
1111079,"공릉1동","노원구",29.846162877292,58.5420784469767,56.1810471680484,44.8607473712694,43.0253801049448,54.7433008088403,56.7526599437727,61.4179708492151,77.5966326347321,58.1690573560027
1111056,"공릉2동","노원구",29.8284442881596,46.4323342450112,45.083583390147,45.2112460009191,43.6591873209841,67.2512084833532,46.9347501801133,54.0054936915872,77.5966326347321,61.0726371354856
1116069,"공항동","강서구",43.0977668636337,61.6491856271237,55.1787753369236,47.051911405189,47.4620306172199,66.9845153559652,47.256648860889,50.153912423408,77.5966326347321,50.9101079072955
1105063,"광장동","광진구",48.9721087915375,21.6670727837335,32.967594051284,47.1645511044332,43.8704563929972,57.6769252101119,53.3727237956277,52.9154235213478,49.2878288352327,59.3304892677959
1102059,"광희동","중구",35.1403381239296,45.7349352714728,40.4528464471765,60.771160757722,80.3143713152575,70.7182191394015,142.538658370502,70.8652456579566,39.8515609020663,65.7183647826582
1101058,"교남동","종로구",39.6857609931757,36.8822535652261,40.0821524380278,53.7072068518677,57.2860424658292,55.0099939362283,41.4624726069261,41.1426656827623,39.8515609020663,39.5861467673122
1117052,"구로1동","구로구",37.7777830871736,55.5962868053941,55.5327011375379,50.0563824595861,45.6662435051086,54.8766473725346,43.7157633723561,38.1631405507746,87.0329005678986,41.0379366570536
1117071,"구로2동","구로구",37.7777830871736,42.143703571181,34.1246173807566,46.8133983927475,43.9760909290037,55.0099939362283,57.557406645712,68.5397626281125,87.0329005678986,57.0076254442095
1117054,"구로3동","구로구",37.6001094837057,87.7647092782383,83.3821343613384,46.5702201934633,48.4127414412789,42.2353931343269,58.0402546668756,83.5827309774162,87.0329005678986,84.8819913272453
1117055,"구로4동","구로구",37.7777830871736,53.2117244995822,51.0927916184431,47.8507440185172,43.9760909290037,46.6358297362346,58.684052028427,56.9123474788923,87.0329005678986,51.7811818411403
1117056,"구로5동","구로구",37.7777830871736,60.9708925783289,69.2891875850972,46.3318309644842,45.0324362890693,42.1020465706328,53.2117744552398,62.1446842960414,87.0329005678986,57.8786993780544
1112057,"구산동","은평구",56.2405960566871,39.6955716699509,38.1168975594105,46.066131974327,43.7648218569906,42.7687793891036,44.6814594146832,40.9246516487144,39.8515609020663,39.8765047452605
1105060,"구의1동","광진구",53.2299617586465,69.1478415919464,77.4957219950198,47.3650315169548,46.3000507211479,43.035472516492,51.9241797321369,59.89187261088,87.0329005678986,66.2990807385548
1105061,"구의2동","광진구",53.25604764724,47.0451487712441,45.7185438468658,47.8040632235912,45.3493398970889,61.2772824298545,48.0613955628283,45.5756177084025,87.0329005678986,54.1040456647266
1105062,"구의3동","광진구",53.0669232467378,51.754431669616,54.7532318150439,47.0900095790434,45.6662435051086,41.8353534432444,51.1194330301976,53.4241229341262,87.0329005678986,56.426909488313
1105054,"군자동","광진구",45.1412321744228,76.1575030929424,73.5164664309165,47.9914043294896,47.0394924731937,54.0765679903693,53.5336731360155,56.1129626873834,30.4152929688998,66.8797966944514
1104059,"금호1가동","성동구",28.4443926078458,42.0761426196224,40.0526216932212,47.4597001842304,53.1662955615737,42.3687396980211,41.1405739261503,36.0556715549785,30.4152929688998,38.424714855519
1104072,"금호2.3가동","성동구",41.9340346714147,50.6635313072247,53.7866036491144,45.3577055287,45.7718780411151,42.2353931343269,46.9347501801133,47.1743872914203,39.8515609020663,45.393306326278
1104062,"금호4가동","성동구",51.9046396749221,49.6628990687827,53.7391560537827,47.4448485690309,52.1099502015082,56.3434595731701,42.5891179896411,41.2880083721276,39.8515609020663,43.3608004806399
1125074,"길동","강동구",42.2424836010702,56.0173231566376,56.6345017746417,44.3695409221364,42.2859383528989,55.8100733183935,72.8475939825587,89.3964385520264,39.8515609020663,81.3976955918659
1108066,"길음1동","성북구",29.1775253286919,31.5507416746605,44.1284000194847,45.2821588836289,43.3422837129644,56.0767664457821,57.8793053264877,49.9358983893601,39.8515609020663,45.6836643042263
1108068,"길음2동","성북구",29.1775253286919,40.2466873281908,42.0115321531211,50.8374661621784,56.5466007137834,70.7182191394015,54.0165211571791,42.8867779551454,58.7240967683992,41.9090105908985
1121058,"낙성대동","관악구",41.5837300598366,110.859928729202,96.6374724789181,48.2857859759972,49.6803558733575,57.010192391641,46.130003478174,58.0024176491317,68.1603647015657,53.5233297088301
1121081,"난곡동","관악구",39.0691540966463,51.0112011572524,38.450441730793,47.1394422335867,43.6591873209841,22.6867868967616,46.130003478174,37.509098448631,39.8515609020663,39.8765047452605
1121071,"난향동","관악구",39.0691540966463,37.2168498756705,38.07787684263,52.405788673462,49.9972594813772,20.5532418776548,40.4967765645989,34.6022446613259,39.8515609020663,36.392209009881
1113069,"남가좌1동","서대문구",36.4244311929186,42.2227600538485,50.0178223853239,49.0607517466066,50.8423357694296,30.3942182782846,47.0956995205011,39.5438960997445,39.8515609020663,36.9729249657776
1113070,"남가좌2동","서대문구",35.0574622527958,44.5463269263819,40.6946284537976,46.1696175015439,46.6169543291675,35.3280411349689,45.8081047973983,48.2644574616597,39.8515609020663,48.8776020616574
1103053,"남영동","용산구",43.9868062897838,45.9418180254742,35.1002802306986,50.9459466555665,63.6241146262223,36.128120517134,45.9690541377861,53.860151002222,58.7240967683992,54.6847616206232
1121063,"남현동","관악구",41.4648297300731,78.557340733977,85.6906880852112,49.3055981163324,49.0465486573182,31.7276839152263,47.0956995205011,44.4128761934805,30.4152929688998,45.9740222821745
1122068,"내곡동","서초구",63.0827574071924,48.8439316029619,52.3333550676648,50.1563913231239,52.2155847375148,21.3533212598199,41.4624726069261,38.0177978614094,30.4152929688998,40.457220701157
1120072,"노량진1동","동작구",31.2314162325161,64.3150985914339,51.8990627379703,44.4725988167581,44.1873600010168,21.7533609509024,55.4650652206698,53.5694656234915,49.2878288352327,58.459415333951
1120052,"노량진2동","동작구",31.5732334105729,63.9504556302862,44.884594890034,47.2387002696192,50.8423357694296,19.7531624954898,44.1986113935197,39.834581478475,39.8515609020663,43.3608004806399
1112051,"녹번동","은평구",51.6846998586682,46.4843950835801,47.1408693807094,45.4807032418366,44.0817254650103,20.2865487502665,45.4862061166225,48.3371288063423,49.2878288352327,44.5222323924331
1123052,"논현1동","강남구",56.912968966353,83.5722602971996,115.30200937424,48.7609176656677,49.7859904093641,33.3278426795564,58.684052028427,76.0249111304231,49.2878288352327,81.6880535698142
1123053,"논현2동","강남구",56.9041869747671,61.2923589050084,88.8634854418858,50.5381066066222,52.1099502015082,35.1946945712748,59.9716467515299,85.6901999732124,49.2878288352327,84.0109173934005
1105059,"능동","광진구",47.9422039452929,78.3971957003452,98.4242118442544,52.2913677262574,56.3353316417703,19.2197762407131,47.256648860889,41.796707784906,49.2878288352327,48.0065281278126
1102070,"다산동","중구",48.1866094561525,56.7221765186968,52.8105791912656,49.816586918024,50.736701233423,33.3278426795564,46.130003478174,44.9215756062589,68.1603647015657,48.5872440837092
1106091,"답십리1동","동대문구",39.6374574265684,53.2337722991324,54.1740685425431,47.0034601160717,46.4056852571544,35.7280808260514,45.9690541377861,45.0669182956242,30.4152929688998,45.9740222821745
1106086,"답십리2동","동대문구",39.6374574265684,41.4673833290777,39.1779331194703,46.6084539026363,44.39862907303,34.5279617528039,48.0613955628283,40.7066376146666,30.4152929688998,37.8439988996224
1119055,"당산1동","영등포구",44.2121104968067,65.0378236492827,64.0736749352911,49.2705119765682,47.9902032972527,35.5947342623572,85.5625918731996,57.4937182363533,30.4152929688998,57.0076254442095
1119056,"당산2동","영등포구",40.4002599259886,69.314188026248,88.7010547853019,46.309907814942,44.1873600010168,35.5947342623572,49.3489902859312,51.8980246957911,39.8515609020663,57.2979834221578
1119070,"대림1동","영등포구",37.0823252445407,44.8733152299264,34.4282677457197,53.6842399804919,49.574721337351,23.0868265878441,47.256648860889,42.1600645083191,30.4152929688998,40.1668627232088
1119071,"대림2동","영등포구",37.2024455159492,41.3116771852744,36.8428702162509,53.489112071249,46.4056852571544,34.1279220617214,48.7051929243797,48.409800151025,30.4152929688998,43.9415164365365
1119072,"대림3동","영등포구",37.2024455159492,52.8210766464439,44.1932682940722,48.9606411869387,44.2929945370234,35.5947342623572,47.4175982012769,48.5551428403902,30.4152929688998,48.0065281278126
1120068,"대방동","동작구",39.3827328028701,44.033538901179,50.7512307800031,44.127687695907,42.8141110329317,32.261070170003,55.6260145610577,49.7905556999949,49.2878288352327,46.8450962160194
1112058,"대조동","은평구",48.3010767229675,50.8565814203796,58.108578024008,45.2555827411857,43.6591873209841,35.1946945712748,57.2355079649363,61.7813275726283,39.8515609020663,54.9751195985715
1123060,"대치1동","강남구",56.1460311145196,8.73552532162702,20.5770648554121,55.0255995360107,47.1451270092003,32.5277632973913,44.8424087550711,45.3576036743547,58.7240967683992,48.2968861057609
1123079,"대치2동","강남구",56.2621510677646,29.9005713540689,29.2297672664229,49.0342878483408,45.0324362890693,24.2869456610916,51.6022810513612,62.3626983300893,58.7240967683992,63.9762169149685
1123063,"대치4동","강남구",56.6270247713618,50.1473338943445,71.2109394560368,51.5007981856051,50.3141630893968,22.9534800241499,75.905631449928,96.1548736075106,58.7240967683992,111.594925298488
1121073,"대학동","관악구",23.7942364919267,135.723112781901,56.2274688755631,46.2018581880184,45.9831471131282,23.0868265878441,47.5785475416647,58.8744737853232,39.8515609020663,59.0401312898476
1114060,"대흥동","마포구",39.3768677411033,75.8132164722192,83.032174235802,51.6410427087257,52.638122881541,35.1946945712748,48.7051929243797,50.5899404915038,68.1603647015657,55.8461935324164
1123066,"도곡1동","강남구",56.5177982598138,43.8620105428769,58.1376759640663,53.2877500448079,48.2014723692658,34.9280014438864,48.383294243604,49.7905556999949,49.2878288352327,53.2329717308818
1123067,"도곡2동","강남구",56.9104074886023,24.4407911378019,42.827936975733,50.0028701852734,46.0887816491348,21.4866678235141,55.1431665398941,58.6564597512753,49.2878288352327,63.6858589370202
1119075,"도림동","영등포구",45.6721282694279,61.4893705610564,59.6596842113864,49.984694040408,46.3000507211479,36.6615067719106,43.7157633723561,39.1805393763314,30.4152929688998,42.1993685688468
1110064,"도봉1동","도봉구",35.78182925467,40.6941968499649,29.8486977308129,44.6639648829205,46.7225888651741,34.6613083164981,45.3252567762347,51.31665393833,39.8515609020663,45.6836643042263
1110065,"도봉2동","도봉구",35.5722380818409,40.0552792944754,37.1561074823623,44.2517470207404,45.0324362890693,43.5688587712686,43.2329153511925,42.8141066104627,39.8515609020663,40.457220701157
1114075,"도화동","마포구",59.1348451247391,47.2660689287856,55.4875333585496,49.1574638216749,46.9338579371872,43.9688984623512,43.2329153511925,50.4445978021385,39.8515609020663,46.8450962160194
1118052,"독산1동","금천구",47.1293225133386,78.3015495154445,54.8753445684336,44.3423288396257,43.9760909290037,43.5688587712686,83.7921491289331,55.6769346192876,30.4152929688998,52.0715398190886
1118053,"독산2동","금천구",47.4525370644354,48.6577936947579,38.7123170695355,46.481615954288,46.1944161851413,69.6514466298483,45.4862061166225,40.9246516487144,30.4152929688998,41.9090105908985
1118054,"독산3동","금천구",47.5621643943045,48.844156458492,39.2865755034157,45.4130307576008,44.2929945370234,61.9440152483254,53.050825114852,49.6452130106296,30.4152929688998,42.4897265467951
1118055,"독산4동","금천구",47.4040996600512,44.2961672830922,36.9345003428122,47.5236693376081,48.2014723692658,111.282243815168,43.2329153511925,43.0321206445106,30.4152929688998,43.6511584585882
1108058,"돈암1동","성북구",35.9851863067206,39.2925111993538,42.0225356472788,48.868856562728,50.3141630893968,69.6514466298483,40.1748778838232,33.5121744910865,30.4152929688998,35.2307770980878
1108059,"돈암2동","성북구",35.7757198163071,30.1587662656564,38.8994857066632,47.1077378771068,46.0887816491348,44.5022847171279,36.955891076066,32.2767616314819,30.4152929688998,34.0693451862947
1108083,"동선동","성북구",35.5004492272854,59.9702144116944,110.303569876755,46.8881969813087,50.736701233423,43.835551898657,50.6365850090341,65.8509228748554,49.2878288352327,62.8147850031753
1102073,"동화동","중구",48.1866094561525,44.1117005736872,45.5819859533808,54.934315997762,56.1240625697572,61.1439358661602,40.1748778838232,36.92772769117,68.1603647015657,40.1668627232088
1125070,"둔촌1동","강동구",61.4433628494242,54.8139075873738,35.0003075289478,308.569510037702,63.8353836982355,71.2516053941787,36.955891076066,31.6953908740209,39.8515609020663,34.6500611421912
1125071,"둔촌2동","강동구",61.5348616252759,49.3008543763933,46.190107656502,46.6274142985462,45.3493398970889,57.4102320827233,47.5785475416647,50.4445978021385,39.8515609020663,52.3618977970369
1116052,"등촌1동","강서구",48.393555228062,66.9928037358408,89.859467087371,47.4685720870022,47.5676651532265,43.4355122075745,46.4519021589497,47.828429393564,49.2878288352327,50.6197499293472
1116053,"등촌2동","강서구",48.3694787389551,56.9086599650678,52.0481687605792,49.4864657842823,47.4620306172199,57.8102717738062,38.8872831607203,37.2910844145831,49.2878288352327,40.457220701157
1116054,"등촌3동","강서구",48.4497517279347,48.7077736177234,43.5348112000649,46.26269823828,44.8211672170562,45.9690969177637,45.6471554570104,51.1713112489648,49.2878288352327,53.5233297088301
1104054,"마장동","성동구",37.8324390728551,53.9960545950477,53.9214212596625,45.258461065618,47.673299689233,31.0609510967555,75.905631449928,41.4333510614928,39.8515609020663,42.4897265467951
1124055,"마천1동","송파구",37.2419852579994,39.6534300827543,31.2007001119758,49.6874677774369,46.3000507211479,42.2353931343269,40.6577259049868,37.7271124826789,39.8515609020663,39.0054308114156
1124056,"마천2동","송파구",37.2419852579994,44.1527260483783,33.0462246932951,50.3482343153172,47.673299689233,32.3944167336972,50.4756356686462,42.8141066104627,39.8515609020663,39.0054308114156
1107068,"망우3동","중랑구",50.714032136268,43.9455804903635,38.773852297549,48.9745557484848,47.9902032972527,32.3944167336972,43.0719660108047,41.796707784906,49.2878288352327,38.7150728334673
1107073,"망우본동","중랑구",49.8744259931925,50.2830574101267,41.398368864562,45.9477941688423,44.5042636090365,33.5945358069447,69.1457591536379,62.3626983300893,49.2878288352327,55.5558355544681
1114069,"망원1동","마포구",61.5540627231386,57.2061221892674,63.9874619425933,48.6851404346099,46.9338579371872,32.9278029884739,43.0719660108047,50.6626118361864,39.8515609020663,47.425812171916
1114070,"망원2동","마포구",61.5326321686718,46.3679530640941,53.9613595892294,50.4477719628049,47.9902032972527,45.5690572266812,44.1986113935197,43.9041767807021,39.8515609020663,44.8125903703814
1107052,"면목2동","중랑구",51.5132365667606,48.2044537031845,40.6150364951551,46.788176001095,45.0324362890693,45.3023640992929,50.4756356686462,45.5029463637199,58.7240967683992,44.2318744144848
1107072,"면목3.8동","중랑구",51.5709776893001,50.42492505691,43.0651668672382,46.6240050926219,44.7155326810496,34.3946151891097,50.6365850090341,56.767004789527,58.7240967683992,55.2654775765198
1107054,"면목4동","중랑구",51.2227666261823,49.1362856407007,50.1322197768285,48.1971005812656,46.7225888651741,31.7276839152263,41.4624726069261,38.090469206092,58.7240967683992,39.0054308114156
1107055,"면목5동","중랑구",51.5148276407167,46.1103753178288,40.7017621479702,54.8626010772458,57.3916770018358,45.0356709719045,44.3595607339075,37.8724551720441,58.7240967683992,39.5861467673122
1107057,"면목7동","중랑구",51.1631623494713,49.7824923796025,46.0378638530405,47.8118270334423,46.4056852571544,44.9023244082104,48.7051929243797,41.5060224061755,58.7240967683992,41.3282946350019
1107071,"면목본동","중랑구",51.5297960114782,54.98991546383,48.6048727567664,45.2956066243849,42.3915728889055,46.7691762999287,54.8212678591184,55.4589205852398,58.7240967683992,48.2968861057609
1102055,"명동","중구",81.6811070949323,26.3822470285934,35.5885825666262,80.6345825883579,127.321739838173,45.7024037903754,68.9848098132501,93.756719232984,49.2878288352327,93.0120147097975
1125053,"명일1동","강동구",49.6612535491329,38.2401574334653,39.8659707607442,48.3635815904524,47.3563960812134,50.102840392283,49.8318383070948,52.0433673851563,58.7240967683992,57.5883414001061
1125054,"명일2동","강동구",50.6235866961842,34.3439033922942,30.4526554640982,50.9068693985721,49.3634522653379,30.9276045330613,40.8186752453746,39.9072528231577,58.7240967683992,45.1029483483297
1115051,"목1동","양천구",60.4870737951501,21.0824940465447,36.0285420270658,46.5085534089293,46.9338579371872,42.2353931343269,56.430761262997,66.7229790110469,68.1603647015657,71.525524341624
1115052,"목2동","양천구",59.5935926022999,59.8709907507845,59.4476095198239,45.6742637712076,44.0817254650103,33.861228934333,42.5891179896411,41.9420504742712,68.1603647015657,45.6836643042263
1115053,"목3동","양천구",59.7495319261448,59.034050335395,56.1462306962878,47.1109511245128,47.0394924731937,45.1690175355987,45.6471554570104,43.6861627466542,68.1603647015657,46.5547382380711
1115054,"목4동","양천구",60.4870737951501,36.4135622218278,34.3646782574511,46.7356082644064,45.0324362890693,32.261070170003,46.9347501801133,45.5029463637199,68.1603647015657,44.8125903703814
1115071,"목5동","양천구",60.4870737951501,20.1939778081779,27.3669393506137,45.4573301427832,42.497207424912,44.7689778445162,44.1986113935197,42.5234212317322,68.1603647015657,41.9090105908985
1101057,"무악동","종로구",37.2419852579994,23.2561367327475,33.5014029781441,59.5700256852355,62.6734038021634,30.3942182782846,39.5310805222717,35.764986176248,30.4152929688998,37.2632829437259
1107064,"묵1동","중랑구",43.0775249020569,46.0961954459685,47.8796788895284,46.0159732196267,43.6591873209841,46.9025228636229,46.4519021589497,45.7209603977678,39.8515609020663,44.8125903703814
1107065,"묵2동","중랑구",42.605170932807,52.7095217204352,50.6191082302422,48.4399210226998,47.5676651532265,51.0362663381422,45.6471554570104,45.3576036743547,39.8515609020663,43.9415164365365
1119076,"문래동","영등포구",47.6746860441796,47.688504361166,56.1175865267768,47.9838261938708,45.1380708250758,32.261070170003,66.73151904782,62.2900269854067,39.8515609020663,60.7822791575373
1124068,"문정1동","송파구",59.6669795688856,57.4240844587473,55.4639415353755,50.4754441884395,48.0958378332593,46.1024434814579,43.2329153511925,43.3228060232411,39.8515609020663,45.393306326278
1124069,"문정2동","송파구",59.6669795688856,63.3750833841428,75.6727580033578,46.6898947675988,47.5676651532265,35.0613480075806,58.2012040072635,79.5131356751891,58.7240967683992,66.2990807385548
1121083,"미성동","관악구",85.6287448338443,51.4732112227479,45.2005950372381,46.6619281408922,43.6591873209841,32.261070170003,48.383294243604,43.6134914019716,39.8515609020663,43.9415164365365
1109070,"미아동","강북구",33.9073326490673,48.5622420401031,49.0837309964365,46.3876592007787,47.3563960812134,45.1690175355987,45.8081047973983,50.9532972149169,58.7240967683992,46.8450962160194
1122057,"반포1동","서초구",50.5245382661997,48.5623415232721,70.1616245536666,46.4829174572765,50.5254321614099,31.8610304789205,43.2329153511925,45.866303087133,68.1603647015657,49.1679600396057
1122058,"반포2동","서초구",51.4728356166358,15.8126784051438,34.3465879815438,49.5715989206352,49.3634522653379,46.6358297362346,40.8186752453746,36.7823850018047,68.1603647015657,39.0054308114156
1122059,"반포3동","서초구",51.4728356166358,26.03909450164,42.0650313236089,50.8665259818777,52.3212192735213,50.7695732107539,53.8555718167913,41.8693791295886,49.2878288352327,42.1993685688468
1122060,"반포4동","서초구",51.4910642872575,36.5785752311324,52.8411334319349,49.982563962586,47.7789342252396,35.0613480075806,62.5468361977357,77.6963520581235,68.1603647015657,72.3965982754689
1122056,"반포본동","서초구",51.4728356166358,5.19877855086703,23.2128528560184,55.998748287861,62.7790383381699,61.6773221209368,43.876712712744,39.4712247550619,68.1603647015657,38.424714855519
1116067,"발산1동","강서구",67.6120082190505,33.8705799711397,40.9399254924442,46.7095855527002,43.7648218569906,46.1024434814579,53.3727237956277,48.7004855297555,58.7240967683992,48.0065281278126
1122062,"방배1동","서초구",64.4596061699601,51.8741902872347,68.6603436743445,49.8286648263627,50.9479703054362,57.8102717738062,48.7051929243797,54.8775498277787,58.7240967683992,60.7822791575373
1122063,"방배2동","서초구",72.6347783482623,50.4422394591252,54.4749502231731,47.3388972493741,45.4549744330955,31.1942976604496,46.6128514993376,54.1508363809525,58.7240967683992,52.9426137529335
1122064,"방배3동","서초구",73.3637059371229,46.4143096546393,47.7875758336179,48.947910309288,49.7859904093641,42.9021259527978,44.3595607339075,40.1979382018882,58.7240967683992,42.7800845247434
1122065,"방배4동","서초구",73.3094612418304,37.5277593937293,57.8565798584792,47.6889421772023,46.1944161851413,43.3021656438803,52.7289264340762,54.6595357937309,58.7240967683992,57.8786993780544
1122061,"방배본동","서초구",73.4994712666594,27.680425068821,44.3153781168833,49.4911743253058,49.574721337351,45.435710662987,49.0270916051555,52.9154235213478,58.7240967683992,56.7172674662613
1124057,"방이1동","송파구",56.5317281040882,41.8973678297695,44.9239569555046,53.7075769233432,50.9479703054362,47.0358694273171,41.1405739261503,46.7383592233246,58.7240967683992,48.0065281278126
1124058,"방이2동","송파구",56.4551376700908,68.7540059585483,72.5675439574835,47.6644227423682,47.0394924731937,44.7689778445162,50.6365850090341,63.8161252237418,58.7240967683992,60.2015632016407
1110055,"방학1동","도봉구",37.4374873178692,42.1692159165048,37.0058914423244,44.131070670503,45.2437053610824,34.5279617528039,53.050825114852,61.5633135385804,39.8515609020663,56.1365515103647
1110056,"방학2동","도봉구",38.1636378205109,43.0712507935542,28.7026965388425,44.8757340194996,46.7225888651741,47.4359091183996,49.1880409455433,42.8141066104627,39.8515609020663,40.457220701157
1110057,"방학3동","도봉구",38.5222853270281,36.5544616738376,34.8527410678134,44.7001310893788,43.9760909290037,48.5026816279529,43.2329153511925,38.5991686188704,39.8515609020663,39.5861467673122
1116070,"방화1동","강서구",45.7543749103425,44.999128496932,49.3872160269625,45.6016181423289,42.3915728889055,32.1277236063088,48.0613955628283,52.2613814192042,96.4691685010651,52.0715398190886
1116071,"방화2동","강서구",45.5727189915182,52.0343096290735,47.8138706405662,47.5382095253751,48.2014723692658,32.1277236063088,51.1194330301976,48.1917861169771,77.5966326347321,50.3293919513989
1116072,"방화3동","강서구",45.5727189915182,47.6941317671003,48.7229542793107,47.6317066087284,45.7718780411151,43.835551898657,39.5310805222717,36.1283428996611,68.1603647015657,36.9729249657776
1109060,"번1동","강북구",30.498843648529,51.8725861921691,52.6476683078445,46.8620205931567,47.8845687612462,44.1022450260453,50.1537369878705,48.6278141850729,30.4152929688998,49.458318017554
1109061,"번2동","강북구",30.5698857311625,41.5889813474813,33.5184472054757,48.557609784289,48.624010513292,46.1024434814579,41.1405739261503,35.5469721422001,30.4152929688998,36.9729249657776
1109062,"번3동","강북구",30.5768181051394,33.8107150784471,31.6200266779291,48.4911951967556,47.9902032972527,33.4611892432505,39.209181841496,35.1109440741043,30.4152929688998,36.9729249657776
1103070,"보광동","용산구",39.6950706174482,56.8353409772193,43.4926704944025,48.1918833835507,48.8352795853051,31.0609510967555,46.130003478174,41.5786937508581,30.4152929688998,38.7150728334673
1121052,"보라매동","관악구",49.5865438351669,61.9276518898468,55.7285374239885,47.5830927158978,45.3493398970889,48.3693350642588,53.050825114852,49.6452130106296,68.1603647015657,49.458318017554
1108061,"보문동","성북구",34.0066386842947,57.7204308456037,56.1541322194091,47.4404920582123,49.1521831933248,32.1277236063088,45.4862061166225,42.0873931636365,39.8515609020663,40.457220701157
1101055,"부암동","종로구",27.7112598869996,38.4458202250847,35.0537005731097,54.3380281514781,56.5466007137834,44.635631280822,40.6577259049868,43.7588340913369,30.4152929688998,51.2004658852438
1113071,"북가좌1동","서대문구",47.4325300777607,39.2046220337529,44.977109530061,48.0851711882259,46.9338579371872,33.861228934333,38.4044351395567,34.7475873506912,30.4152929688998,36.6825669878293
1113072,"북가좌2동","서대문구",47.1452862730578,45.5581545954516,43.2628601616842,44.809379447087,43.3422837129644,44.7689778445162,43.0719660108047,46.8837019126898,30.4152929688998,45.6836643042263
1113074,"북아현동","서대문구",38.3301085607005,54.0488240186533,50.2568464048027,47.639984923561,48.9409141213117,32.9278029884739,41.3015232665382,40.9246516487144,30.4152929688998,38.7150728334673
1112052,"불광1동","은평구",47.2276972530032,44.1088499331595,47.6511399182246,44.877678155723,42.497207424912,56.8768458279467,42.1062699684775,44.12219081475,39.8515609020663,42.4897265467951
1112072,"불광2동","은평구",47.2276972530032,47.4263817696052,40.5487944684462,45.7848330960438,44.1873600010168,34.2612686254156,51.4413317109734,51.1713112489648,39.8515609020663,45.1029483483297
1104055,"사근동","성동구",34.2421503861658,119.734104470682,76.3727027241822,47.0653723260774,53.800102777613,43.835551898657,43.876712712744,57.0576901682575,68.1603647015657,61.9437110693305
1120063,"사당1동","동작구",44.9128686632065,77.8209235116656,87.3828898425891,44.9465547747852,45.9831471131282,42.5020862617153,45.8081047973983,49.6452130106296,68.1603647015657,48.0065281278126
1120073,"사당2동","동작구",73.0188620352908,55.3795886798058,58.9048141187055,45.1059066901921,44.39862907303,46.6358297362346,52.0851290725248,51.6073393170605,87.0329005678986,50.9101079072955
1120065,"사당3동","동작구",50.6827517970701,50.5354788643666,55.4258144307541,45.5489620033183,45.7718780411151,43.835551898657,44.3595607339075,39.7619101337924,68.1603647015657,40.7475786791053
1120066,"사당4동","동작구",52.1490172387624,62.6574960867303,61.2161934415264,47.5796285794969,51.0536048414427,57.2768855190296,44.5205100742954,37.0003990358526,68.1603647015657,37.8439988996224
1120067,"사당5동","동작구",47.0170881928394,58.5409502153622,57.9528036726715,48.6490576402787,52.7437574175475,44.635631280822,40.335827224211,34.8202586953738,68.1603647015657,37.5536409216741
1101053,"사직동","종로구",32.8431889329226,30.9905059622576,50.069258353238,53.8002932342965,65.9480744183665,55.8100733183935,46.4519021589497,77.405666679393,68.1603647015657,72.9773142313655
1109073,"삼각산동","강북구",33.7229481979379,29.6984148970163,37.5515233249147,46.0893460073124,43.5535527849775,43.035472516492,40.9796245857625,36.92772769117,58.7240967683992,35.5211350760361
1108082,"삼선동","성북구",46.9170461334157,51.6987162018954,56.4405563715892,45.3906629802256,45.1380708250758,45.7024037903754,63.351582899675,62.3626983300893,49.2878288352327,56.1365515103647
1123058,"삼성1동","강남구",95.7593060540248,48.5232840698397,49.9987716789088,58.5835728523956,61.3001548340782,55.4100336273112,56.1088625822213,81.7659473603506,77.5966326347321,83.7205594154522
1123059,"삼성2동","강남구",92.5411390673436,42.8725212747543,68.3988779563467,49.3364090212392,47.2507615452068,46.2357900451521,46.6128514993376,56.9850188235749,77.5966326347321,55.5558355544681
1121082,"삼성동","관악구",62.599752298092,41.203630813077,30.7170378432697,47.7167567904208,44.7155326810496,57.1435389553353,55.1431665398941,41.6513650955407,39.8515609020663,36.392209009881
1109069,"삼양동","강북구",38.9706350412718,42.2315008026334,35.5879312831946,45.9076808644457,44.2929945370234,48.6360281916471,45.6471554570104,39.4712247550619,58.7240967683992,37.8439988996224
1124064,"삼전동","송파구",51.2699562093503,67.7880619715774,76.9595201060018,46.3386889978411,44.0817254650103,44.635631280822,45.1643074358468,50.9532972149169,30.4152929688998,51.2004658852438
1101054,"삼청동","종로구",93.6932047631518,30.9596382030438,39.8874248543,79.6827922444607,105.34975634881,44.9023244082104,45.8081047973983,52.2613814192042,39.8515609020663,65.42800680471
1111074,"상계10동","노원구",33.0571397762497,49.0311006523279,52.4625012674332,50.0116683346273,49.2578177293313,56.0767664457821,37.7606377780053,32.7854610442603,77.5966326347321,36.392209009881
1111065,"상계1동","노원구",37.2419852579994,41.7358511654405,41.4803654265932,45.3027550609381,42.8141110329317,42.1020465706328,52.2460784129127,54.8775498277787,77.5966326347321,52.0715398190886
1111066,"상계2동","노원구",31.816803123738,43.5676686721872,42.5967283168919,48.0614554946514,47.7789342252396,57.2768855190296,53.5336731360155,67.3770211131905,77.5966326347321,65.1376488267616
1111076,"상계3.4동","노원구",38.1217445230147,35.9204766854019,26.3128887433871,46.4147530028843,44.5042636090365,69.5447693788929,50.4756356686462,46.1569884658636,77.5966326347321,44.2318744144848
1111069,"상계5동","노원구",40.1745161413839,40.499092990502,34.6109753183739,46.7125588410416,44.2929945370234,56.8768458279467,47.5785475416647,45.284932329672,77.5966326347321,43.0704425026916
1111077,"상계6.7동","노원구",48.9721087915375,40.8278154811065,50.8198244338127,45.7084765057356,43.3422837129644,60.343856483995,49.3489902859312,51.8253533511084,77.5966326347321,48.2968861057609
1111072,"상계8동","노원구",33.0571397762497,54.7232407471339,59.2536570161997,47.6778679155675,44.7155326810496,55.1433404999226,40.6577259049868,36.6370423124395,77.5966326347321,37.5536409216741
1111073,"상계9동","노원구",33.0571397762497,39.5982896924731,40.0536187443772,48.2294758804349,46.0887816491348,33.1944961158622,39.209181841496,34.8929300400564,77.5966326347321,36.6825669878293
1120053,"상도1동","동작구",44.8092386522469,69.1671943612845,66.1440307906215,43.6666691869852,42.0746692808858,35.4613876986631,48.8661422647676,49.0638422531686,68.1603647015657,52.0715398190886
1120054,"상도2동","동작구",46.9030850576873,57.3191223578954,62.4265810711664,45.1039541090419,45.3493398970889,46.6358297362346,49.0270916051555,46.7383592233246,58.7240967683992,50.6197499293472
1120055,"상도3동","동작구",47.1723874918191,57.6264640844649,56.2106200819108,45.193001122872,45.1380708250758,32.261070170003,45.6471554570104,40.2706095465708,58.7240967683992,42.4897265467951
1120056,"상도4동","동작구",47.0704105778439,57.8818368946504,50.8084540207985,44.8174108393174,43.8704563929972,50.102840392283,42.2672193088654,40.7793089593492,58.7240967683992,42.1993685688468
1107059,"상봉1동","중랑구",51.862899261991,43.9335537283442,44.8901011690846,47.8023466647936,46.0887816491348,48.3693350642588,43.2329153511925,38.8898539976009,39.8515609020663,41.3282946350019
1107060,"상봉2동","중랑구",51.8361426156085,65.4592224551986,64.9727761895777,47.9156702908713,49.3634522653379,30.3942182782846,47.0956995205011,55.5315919299224,39.8515609020663,56.426909488313
1114074,"상암동","마포구",42.6057427587341,32.6335039118549,44.7019049819342,47.395393945277,46.8282234011806,31.8610304789205,47.7394968820526,61.3452995045325,30.4152929688998,62.2340690472788
1125052,"상일동","강동구",41.6407815830762,46.6645042674802,32.8252800614082,54.6401567497067,63.941018234242,42.3687396980211,41.6234219473139,42.0873931636365,39.8515609020663,41.0379366570536
1114076,"서강동","마포구",38.7082506996917,61.7051329430884,75.2360555913669,47.9501725491109,46.4056852571544,31.7276839152263,48.0613955628283,66.0689369089032,96.4691685010651,62.524427025227
1114066,"서교동","마포구",46.5007975678991,75.7860454778942,100.612682500991,46.8936215561817,48.8352795853051,31.5943373515322,76.8713274922552,171.878414766808,68.1603647015657,166.762941108663
1121066,"서림동","관악구",41.2009019505685,117.787763412549,63.6568059895562,46.6417071449373,45.2437053610824,48.2359885005646,45.003358095459,40.1252668572055,39.8515609020663,41.6186526129502
1103069,"서빙고동","용산구",39.8079497809609,28.4046486670485,34.2905707085618,51.1167578858437,53.0606610255672,59.8104702292184,42.1062699684775,35.8376575209306,39.8515609020663,37.2632829437259
1121064,"서원동","관악구",42.0806612155839,104.272931027428,80.0802237825913,47.0188812540891,46.1944161851413,48.3693350642588,44.6814594146832,48.991170908486,39.8515609020663,57.0076254442095
1122051,"서초1동","서초구",194.295305914516,50.7656101368781,63.1667742995488,48.4047347985731,47.7789342252396,46.3691366088463,51.4413317109734,55.7496059639703,96.4691685010651,65.42800680471
1122052,"서초2동","서초구",82.1097077737828,49.3843897850176,62.8450660572086,49.5615788786525,51.4761429854689,47.1692159910112,48.7051929243797,59.2378305087363,96.4691685010651,62.2340690472788
1122053,"서초3동","서초구",69.9187579501913,50.4945698850586,56.0177183007296,46.5037173141593,44.9268017530627,45.1690175355987,50.9584836898098,80.8212198794764,124.777972300564,88.0759290846765
1122054,"서초4동","서초구",66.1055495090706,26.0178639403813,40.152736417989,47.4126240933598,45.0324362890693,33.4611892432505,48.5442435839919,61.635984883263,96.4691685010651,62.8147850031753
1108085,"석관동","성북구",54.9013196713807,46.8223452467525,42.5785555967448,44.8780629078261,43.1310146409513,31.460990787838,53.6946224764034,57.5663895810359,39.8515609020663,45.6836643042263
1124063,"석촌동","송파구",53.9837454206241,66.6136294666197,72.2777930137192,46.2666266076064,44.2929945370234,43.835551898657,49.9927876474826,56.767004789527,39.8515609020663,56.1365515103647
1125065,"성내1동","강동구",51.305001302371,48.820627453794,54.5260403886128,48.3981436201192,48.624010513292,44.1022450260453,44.8424087550711,51.0259685595995,39.8515609020663,52.9426137529335
1125066,"성내2동","강동구",50.3806808229678,60.7403643721007,55.8614973952507,46.1533650033981,45.4549744330955,32.9278029884739,46.7738008397254,53.9328223469046,39.8515609020663,53.2329717308818
1125067,"성내3동","강동구",51.5745571658217,58.3636168218369,53.2326941158114,47.0721826754831,46.8282234011806,44.7689778445162,51.7632303917491,61.5633135385804,39.8515609020663,63.1051429811236
1108081,"성북동","성북구",52.2496433117115,44.0162181283563,55.356157949938,47.4454183395079,49.574721337351,32.6611098610855,46.6128514993376,49.0638422531686,30.4152929688998,51.490823863192
1114072,"성산1동","마포구",55.4773358038587,53.118916531029,60.7229431828405,49.4127130045732,47.7789342252396,45.435710662987,45.9690541377861,43.6134914019716,58.7240967683992,43.0704425026916
1114073,"성산2동","마포구",55.3046209957459,42.5478408898063,48.2640702663324,45.7706230533864,42.7084764969251,48.1026419368705,54.8212678591184,47.247058636103,58.7240967683992,44.2318744144848
1104065,"성수1가1동","성동구",56.6637893831912,55.9812138409471,51.0131844335339,46.5736166376683,50.3141630893968,32.1277236063088,41.1405739261503,40.1252668572055,49.2878288352327,40.1668627232088
1104066,"성수1가2동","성동구",56.5332238707906,63.3382883637669,60.3658535968329,46.810153644676,51.0536048414427,52.9031182298606,43.5548140319682,51.4619966276953,49.2878288352327,54.9751195985715
1104067,"성수2가1동","성동구",38.7082506996917,54.0827162791551,44.1420892904033,46.0515906052219,49.2578177293313,46.2357900451521,50.7975343494219,52.8427521766652,39.8515609020663,48.0065281278126
1104068,"성수2가3동","성동구",25.3945604891258,61.6596521824792,56.6928784355449,48.2336302785059,57.4973115378424,56.0767664457821,50.3146863282583,56.6943334448444,39.8515609020663,60.7822791575373
1121079,"성현동","관악구",39.4413834205378,37.5800018275146,38.7946706466894,47.0620845330086,44.0817254650103,61.6773221209368,42.1062699684775,37.0730703805352,68.1603647015657,40.457220701157
1123076,"세곡동","강남구",70.9660904169216,43.9659824778364,51.8882078345688,47.5095639760892,42.7084764969251,54.4766076814517,45.3252567762347,45.1395896403068,30.4152929688998,42.4897265467951
1102052,"소공동","중구",101.757664692459,63.0554442673578,63.6532909633224,93.3440995840445,144.328900135228,55.6767267546992,75.4227834287644,75.5162117176447,39.8515609020663,76.4616099667449
1104069,"송정동","성동구",48.2840919439705,59.4661962426722,43.1309701469585,48.4538745739288,56.4409661777768,79.7857854706051,40.6577259049868,35.9103288656132,30.4152929688998,37.2632829437259
1109071,"송중동","강북구",43.6935532014454,44.8852801820975,40.4379127923826,45.7000365104141,44.1873600010168,55.6767267546992,56.7526599437727,63.3800971556461,58.7240967683992,53.8136876867784
1109072,"송천동","강북구",31.3769234912303,43.357176487448,35.3279677357325,45.5132565158126,43.8704563929972,68.9847138113773,54.9822171995063,60.1825579896105,58.7240967683992,46.2643802601228
1124061,"송파1동","송파구",55.2653571931217,67.4192701537279,79.366155787227,47.8297467380694,46.1944161851413,54.3432611177574,44.0376620531318,54.2961790703177,30.4152929688998,52.9426137529335
1124062,"송파2동","송파구",54.882156843046,43.882246416009,47.4884789563934,51.8270621422502,47.3563960812134,66.0510894101057,39.5310805222717,38.2358118954573,30.4152929688998,36.1018510319327
1117069,"수궁동","구로구",55.5409779703189,46.9701849523321,46.1041231736377,48.3876637193221,45.560608969102,54.3432611177574,44.1986113935197,41.8693791295886,49.2878288352327,44.8125903703814
1112068,"수색동","은평구",77.5642849045368,44.8631390426779,33.7325916963096,52.094702898024,52.2155847375148,68.7180206839893,39.0482325011082,37.509098448631,39.8515609020663,38.1343568775707
1123075,"수서동","강남구",46.5283330651589,54.8339021490683,47.3515748608097,54.2870646058806,50.8423357694296,70.1848328846249,44.5205100742954,47.0290446020551,39.8515609020663,45.1029483483297
1109063,"수유1동","강북구",36.1861566246709,47.9514420076645,39.8392945152549,46.7777738886022,46.4056852571544,68.9847138113773,59.0059507092028,43.9768481253848,39.8515609020663,40.457220701157
1109064,"수유2동","강북구",36.1861566246709,42.0236900514951,35.5013691867779,47.1557526037179,46.511319793161,67.7845947381298,56.7526599437727,48.3371288063423,39.8515609020663,43.0704425026916
1109065,"수유3동","강북구",36.0181458043047,58.5958688606446,50.2255815162159,45.9732856186153,45.8775125771217,56.6101527005587,55.9479132418334,71.8826444835134,39.8515609020663,64.8472908488134
1101070,"숭인1동","종로구",38.7398760335528,47.3286185689914,41.3448215190699,59.6408996939808,67.1100543144385,83.226126813915,38.7263338203324,36.5643709677568,39.8515609020663,35.2307770980878
1101071,"숭인2동","종로구",38.7398760335528,59.2939054632129,65.0927183978198,51.2777478428257,58.0254842178751,51.1696129018364,57.0745586245484,43.6861627466542,39.8515609020663,43.6511584585882
1118057,"시흥1동","금천구",124.484779038689,49.9041415243752,43.1676899657636,44.6777087330084,43.0253801049448,43.4355122075745,68.3410124516986,72.7547006197049,39.8515609020663,66.0087227606065
1118058,"시흥2동","금천구",48.9721087915375,34.2328461154201,33.2549534113048,46.9400910162088,46.4056852571544,58.2103114648885,41.6234219473139,34.8929300400564,39.8515609020663,37.2632829437259
1118059,"시흥3동","금천구",49.3142374043742,45.5910443675711,34.5482621425845,51.066348591467,57.7085806098555,45.435710662987,44.6814594146832,40.7793089593492,39.8515609020663,42.7800845247434
1118060,"시흥4동","금천구",58.942713795045,43.3143345820502,36.5535927983765,46.583691870404,46.3000507211479,54.3432611177574,45.9690541377861,39.1078680316488,39.8515609020663,39.0054308114156
1118061,"시흥5동","금천구",89.1477818939057,40.0438999716235,30.9361653369292,46.489581006895,46.0887816491348,43.035472516492,52.2460784129127,44.2675335041153,39.8515609020663,45.9740222821745
1119063,"신길1동","영등포구",76.3423970266848,62.7674709046559,48.408146906525,49.7783598570769,46.6169543291675,42.9021259527978,46.6128514993376,42.4507498870496,58.7240967683992,48.2968861057609
1119065,"신길3동","영등포구",70.7217128530813,41.1543297456461,36.5805858301377,52.6346638801381,48.9409141213117,43.1688190801862,44.6814594146832,38.090469206092,58.7240967683992,40.7475786791053
1119066,"신길4동","영등포구",44.8665655547992,41.8392757186536,31.9762317273044,59.2279706718267,56.2296971057637,54.7433008088403,38.4044351395567,35.1836154187869,58.7240967683992,34.9404191201395
1119067,"신길5동","영등포구",51.9046396749221,39.5858441273086,31.1012391494689,58.2879101374881,52.2155847375148,42.3687396980211,40.4967765645989,35.0382727294217,58.7240967683992,38.7150728334673
1119068,"신길6동","영등포구",37.8284914346763,51.5183567757435,48.7322157704095,51.0377483397838,47.4620306172199,54.8766473725346,42.2672193088654,42.2327358530017,58.7240967683992,42.4897265467951
1119069,"신길7동","영등포구",46.7727106289991,50.6484848114049,48.6898338596011,53.3965819896883,49.2578177293313,55.4100336273112,38.7263338203324,36.0556715549785,58.7240967683992,39.5861467673122
1107069,"신내1동","중랑구",47.5058433498453,42.8688555553617,43.463946359481,45.9962649659591,42.3915728889055,45.7024037903754,43.2329153511925,46.5930165339593,39.8515609020663,47.7161701498643
1107070,"신내2동","중랑구",45.0620676234666,41.2723027028917,41.4083186767399,48.5518773067713,46.8282234011806,57.8102717738062,43.7157633723561,37.7271124826789,39.8515609020663,38.7150728334673
1102065,"신당5동","중구",48.1866094561525,46.3940045781651,41.8280263047764,54.2278588379651,58.3423878258948,53.676528299287,40.6577259049868,42.7414352657801,68.1603647015657,37.5536409216741
1102069,"신당동","중구",48.1866094561525,58.4581639543005,49.2414580339448,54.2840461279644,62.2508656581372,56.4768061368644,205.469850462155,49.7178843553123,68.1603647015657,49.458318017554
1120069,"신대방1동","동작구",69.0110698182235,39.2522548872986,42.9820547393703,45.7250694412078,44.7155326810496,56.2101130094758,42.1062699684775,39.5438960997445,39.8515609020663,39.8765047452605
1120070,"신대방2동","동작구",49.1350271869813,48.2059133379934,56.629146489885,46.1323276927622,49.1521831933248,49.9694938285888,41.7843712877018,44.5582188828458,39.8515609020663,50.3293919513989
1117051,"신도림동","구로구",61.5819915900911,48.2011812387071,57.1101564286504,46.6591325650381,44.39862907303,57.5435786464176,51.4413317109734,57.2030328576228,49.2878288352327,53.2329717308818
1121069,"신림동","관악구",39.0691540966463,140.713336855257,136.455381307694,46.2001673423993,46.9338579371872,45.435710662987,47.9004462224404,57.4937182363533,39.8515609020663,66.2990807385548
1112065,"신사1동","은평구",45.5996982756453,48.2428143138363,47.4154070137219,46.6177625350632,44.9268017530627,54.2099145540637,43.7157633723561,41.2880083721276,68.1603647015657,43.0704425026916
1112066,"신사2동","은평구",43.4736133851915,45.5392145397954,38.4284830043566,47.7786131330266,46.511319793161,59.0103908470538,40.6577259049868,37.0003990358526,68.1603647015657,37.8439988996224
1123051,"신사동","강남구",53.3702151214228,39.7115406955503,61.475373916398,54.8065508301499,45.1380708250758,44.635631280822,66.4096203670443,87.4343122455955,77.5966326347321,87.7855711067282
1121068,"신사동","관악구",34.3094543746148,73.2766328837283,64.8066600872479,47.1800370068364,52.9550264895606,42.5020862617153,46.9347501801133,45.0669182956242,39.8515609020663,47.7161701498643
1114063,"신수동","마포구",43.0681461052459,53.6674523504093,51.5102069606982,49.5171624756343,47.4620306172199,57.010192391641,43.3938646915804,42.0147218189538,68.1603647015657,42.7800845247434
1121065,"신원동","관악구",64.4595375194121,77.2605303525372,63.2750792036311,48.5375376590378,47.0394924731937,55.5433801910049,47.7394968820526,41.0699943380797,39.8515609020663,41.3282946350019
1115057,"신월1동","양천구",60.8781841780788,48.6854004266789,37.4441630459078,46.6943248841529,46.511319793161,69.3847535024602,50.6365850090341,45.4302750190373,30.4152929688998,41.9090105908985
1115058,"신월2동","양천구",66.0785389348389,49.1178032997412,44.0960272621736,47.5001629686992,46.7225888651741,46.5024831725404,42.7500673300289,36.4916996230742,30.4152929688998,37.5536409216741
1115059,"신월3동","양천구",54.5187814867784,52.6634123453555,37.1655305549043,47.827239394398,48.5183759772855,45.5690572266812,41.3015232665382,37.3637557592657,30.4152929688998,36.1018510319327
1115060,"신월4동","양천구",63.1460080514544,43.2577108870125,45.543317740022,48.9492865761583,48.4127414412789,44.1022450260453,41.3015232665382,40.6339662699839,30.4152929688998,40.457220701157
1115061,"신월5동","양천구",54.4461664502971,49.1425604319663,45.9838884461672,49.5681538023228,50.736701233423,42.7687793891036,44.3595607339075,41.1426656827623,30.4152929688998,43.0704425026916
1115062,"신월6동","양천구",41.6407815830762,42.9716032031041,32.708104701544,60.8059701971382,67.3213233864517,56.8768458279467,39.8529792030475,35.8376575209306,30.4152929688998,36.9729249657776
1115063,"신월7동","양천구",54.5187814867784,48.463771504647,39.3674704111707,47.0984979468592,45.9831471131282,44.2355915897395,41.7843712877018,40.1979382018882,30.4152929688998,40.7475786791053
1115064,"신정1동","양천구",40.5934491251435,22.0091321862048,29.8226700814264,48.6361937317797,46.9338579371872,49.302761010118,42.7500673300289,41.8693791295886,68.1603647015657,40.1668627232088
1115065,"신정2동","양천구",88.8545288055673,26.9489552244783,31.6383279670736,48.6807262470733,47.4620306172199,53.9432214266751,45.4862061166225,42.4507498870496,68.1603647015657,42.7800845247434
1115066,"신정3동","양천구",35.409153455884,38.0736268736497,37.6541392810794,44.5617897545966,42.0746692808858,54.0765679903693,46.6128514993376,44.703561572211,68.1603647015657,45.393306326278
1115072,"신정4동","양천구",175.437503137496,55.6511062785607,55.332999140012,44.9378754813045,43.447918248971,60.343856483995,53.8555718167913,58.9471451300058,68.1603647015657,69.2026605180377
1115069,"신정6동","양천구",51.2154949173267,27.1896482585335,35.11362131298,47.873666100226,45.8775125771217,49.0360678827297,38.2434857991689,34.8202586953738,68.1603647015657,37.5536409216741
1115070,"신정7동","양천구",51.2154949173267,32.7704284696137,32.0731104157557,46.2168414409982,44.0817254650103,58.0769649011943,41.1405739261503,39.4712247550619,68.1603647015657,40.457220701157
1113075,"신촌동","서대문구",30.6437907703842,89.8256197800576,121.149517187046,45.5657944132313,50.2085285533903,55.9434198820878,78.8027195769095,130.45574829771,30.4152929688998,141.79215500511
1110051,"쌍문1동","도봉구",39.4717668598276,38.2758575228582,35.3649541734752,45.0304956560229,47.0394924731937,71.7849916489553,49.6708889667069,42.378078542367,30.4152929688998,43.9415164365365
1110052,"쌍문2동","도봉구",39.5687091226714,45.8501895823947,42.4073920420283,45.2301553851599,47.4620306172199,69.3847535024602,47.0956995205011,44.9942469509415,30.4152929688998,43.9415164365365
1110053,"쌍문3동","도봉구",38.3475494010354,49.563655267182,47.9123682651535,45.6576974628857,49.4690868013444,69.1180603750716,52.7289264340762,42.5234212317322,30.4152929688998,39.2957887893639
1110054,"쌍문4동","도봉구",39.4717668598276,38.1018514169264,37.745558029529,45.8951905447598,47.2507615452068,56.2101130094758,41.6234219473139,36.5643709677568,30.4152929688998,37.5536409216741
1114078,"아현동","마포구",41.0602737663574,57.8975986691312,63.7742409025363,48.6585007059948,46.511319793161,67.5179016107418,51.2803823705855,51.3893252830127,68.1603647015657,45.393306326278
1108060,"안암동","성북구",30.5390575237111,92.9435235728515,76.0071295766747,46.9884962479227,50.8423357694296,56.3434595731701,55.7869639014456,66.6503076663643,49.2878288352327,71.525524341624
1125072,"암사1동","강동구",68.033559533537,51.97138622861,45.2373373682145,45.1000600679738,42.9197455689382,66.1844359737999,59.9716467515299,56.1129626873834,39.8515609020663,51.7811818411403
1125058,"암사2동","강동구",66.5672940918448,49.6670578373125,55.3883824060758,50.9192168118034,52.2155847375148,69.2514069387659,39.6920298626596,38.7445113082356,39.8515609020663,40.1668627232088
1125059,"암사3동","강동구",69.4998249752293,36.0444330608652,40.8960530639143,50.3106108175319,49.2578177293313,57.010192391641,41.9453206280896,35.1109440741043,39.8515609020663,36.6825669878293
1123077,"압구정동","강남구",65.394281738491,29.4264440818716,47.2397198446345,50.9608492746245,47.5676651532265,54.3432611177574,63.351582899675,87.2889695562302,77.5966326347321,87.7855711067282
1102071,"약수동","중구",60.1157261483988,43.8401524438701,45.8253273752772,48.8654140250703,48.9409141213117,65.517703155329,47.4175982012769,43.1047919891932,68.1603647015657,44.8125903703814
1122066,"양재1동","서초구",67.3673340590367,45.7528658280875,54.653514814957,45.0850820778424,43.6591873209841,70.5848725757078,50.4756356686462,70.2112035558129,30.4152929688998,76.7519679446932
1122067,"양재2동","서초구",66.5276270075735,68.484596366929,65.6390194195207,47.2785111626523,52.7437574175475,55.6767267546992,52.7289264340762,74.4988128920879,30.4152929688998,77.6230418785381
1119061,"양평1동","영등포구",64.6688662072669,68.1756450719549,67.3648513898552,50.8804046269501,50.9479703054362,13.5125433146027,52.2460784129127,54.3688504150004,39.8515609020663,50.6197499293472
1119062,"양평2동","영등포구",64.6688662072669,65.0264601542502,67.0508502273303,49.5356322848427,47.7789342252396,9.51214640377751,50.4756356686462,58.4384457172274,39.8515609020663,58.7497733118993
1119054,"여의동","영등포구",62.168497766768,34.5290590485155,48.2334789416823,47.7851326041052,51.7930465934886,-2.06233532487646,68.0191137709229,132.635888638189,68.1603647015657,124.661034306161
1123064,"역삼1동","강남구",65.3107046083145,95.262206749565,119.941645754445,46.1317373831533,51.0536048414427,-2.06233532487646,110.187840952542,181.689046298962,58.7240967683992,193.185517101957
1123065,"역삼2동","강남구",70.7054210018068,34.0505993803179,57.5486780291154,48.4021854612243,45.3493398970889,7.51194794836496,48.7051929243797,60.9819427811194,58.7240967683992,62.8147850031753
1112074,"역촌동","은평구",50.2385469161119,46.2497865061772,49.8189875784172,44.4141303976066,41.6521311368596,14.0459295693793,52.7289264340762,58.2931030278622,39.8515609020663,50.6197499293472
1114071,"연남동","마포구",42.5634009159766,69.3370488289816,83.1340691538162,49.8594715331996,48.9409141213117,-1.79564219748812,43.5548140319682,64.179481947155,30.4152929688998,57.8786993780544
1113076,"연희동","서대문구",35.1989103579793,62.8190527812058,60.1787359842048,44.1902276714238,43.1310146409513,-3.92918721659485,47.9004462224404,57.0576901682575,30.4152929688998,54.9751195985715
1114061,"염리동","마포구",38.2936515068451,50.3011036246737,48.7382639400711,56.0043978546985,55.2789862817048,12.4457708050493,39.209181841496,38.8898539976009,39.8515609020663,39.2957887893639
1116051,"염창동","강서구",47.2492468975491,42.7931988356695,48.8490557585738,46.3354224814743,43.447918248971,-0.995562815323098,44.3595607339075,45.284932329672,39.8515609020663,51.2004658852438
1119074,"영등포동","영등포구",32.7411878578254,82.5529423668075,69.3647652129499,46.6933367226986,48.4127414412789,69.5447693788929,126.282774991328,114.831409190946,49.2878288352327,108.400987541057
1119073,"영등포본동","영등포구",46.4742906558466,50.5993677857429,46.8741974320438,49.302098525731,45.4549744330955,68.3179809929064,54.8212678591184,49.4998703212644,68.1603647015657,49.7486759955023
1124060,"오금동","송파구",65.6875348268294,48.2965556528895,46.265757095112,46.6879479698499,43.7648218569906,60.7438961750779,44.1986113935197,47.3197299807856,39.8515609020663,49.7486759955023
1117067,"오류1동","구로구",36.6840258413297,61.3688441087595,60.699280516116,48.013137496058,47.8845687612462,56.2101130094758,45.003358095459,43.4681487126064,49.2878288352327,45.1029483483297
1117068,"오류2동","구로구",36.6840258413297,41.9632258132362,45.1520566354041,45.6990393463492,42.2859383528989,43.9688984623512,52.4070277533005,48.9184995638034,49.2878288352327,49.1679600396057
1124059,"오륜동","송파구",13.7817381909231,20.853683798777,30.0678013049283,53.9601674957847,49.9972594813772,44.1022450260453,38.4044351395567,34.3842306272781,58.7240967683992,37.2632829437259
1104073,"옥수동","성동구",60.7022323250757,50.2004518829034,61.7629400212048,45.1380125457529,44.1873600010168,45.0356709719045,41.9453206280896,42.378078542367,30.4152929688998,42.1993685688468
1104052,"왕십리2동","성동구",43.8401797456146,49.5112007190818,50.6540436568495,46.5402391356926,52.1099502015082,42.1020465706328,43.0719660108047,37.3637557592657,39.8515609020663,39.0054308114156
1104071,"왕십리도선동","성동구",62.58743074173,54.6874986117309,60.2844730702078,44.965112431756,45.0324362890693,42.1020465706328,46.4519021589497,54.5868644490482,39.8515609020663,52.3618977970369
1114059,"용강동","마포구",71.2919271784837,41.9451035043237,54.7938337063556,49.5696198165172,48.624010513292,55.8100733183935,44.1986113935197,51.0259685595995,68.1603647015657,48.8776020616574
1104070,"용답동","성동구",36.6430002269363,54.0296750609041,41.3776704200999,46.3124142847765,51.2648739134558,42.2353931343269,49.1880409455433,48.0464434276118,58.7240967683992,44.5222323924331
1103059,"용문동","용산구",59.2735634248992,43.4912391589118,49.3179246116726,51.1306993083805,53.800102777613,43.7022053349628,43.876712712744,37.8724551720441,30.4152929688998,37.8439988996224
1103052,"용산2가동","용산구",63.8302652771276,55.3199731679871,49.7105006657168,50.7910077017771,53.1662955615737,55.5433801910049,42.7500673300289,41.8693791295886,39.8515609020663,43.3608004806399
1106081,"용신동","동대문구",37.8521408769058,61.3089656374009,51.1281653750396,45.3481253974896,44.7155326810496,55.6767267546992,56.7526599437727,61.9993416066761,58.7240967683992,59.6208472457442
1109074,"우이동","강북구",36.8311119570763,36.9006492599405,33.2785498330547,47.2027307991442,46.8282234011806,67.6512481744361,46.7738008397254,50.5899404915038,39.8515609020663,47.425812171916
1116074,"우장산동","강서구",67.4549791080787,36.654050421408,45.8745346555972,45.7914232427646,42.8141110329317,61.3039517425935,43.5548140319682,43.9768481253848,58.7240967683992,46.2643802601228
1103072,"원효로1동","용산구",67.2100405804057,62.5617589845856,72.8229797784981,48.7397756873516,52.8493919535541,43.7022053349628,43.7157633723561,47.5377440148335,30.4152929688998,49.7486759955023
1103057,"원효로2동","용산구",57.3420406976394,38.0013275957603,44.189271066046,50.0821471064287,51.4761429854689,59.6771236655247,41.3015232665382,36.5643709677568,30.4152929688998,41.6186526129502
1111051,"월계1동","노원구",37.6438506011694,60.8039452192681,41.8270897648544,47.0360874756004,46.6169543291675,31.7276839152263,51.2803823705855,55.604263274605,58.7240967683992,53.5233297088301
1111052,"월계2동","노원구",39.6900110398042,37.458670459416,34.5294144858779,46.6625682221919,45.3493398970889,35.7280808260514,46.7738008397254,39.9799241678403,58.7240967683992,39.0054308114156
1111053,"월계3동","노원구",39.6900110398042,45.5608189330933,47.5422870017496,46.0150534976719,44.2929945370234,48.9027213190355,45.3252567762347,37.5817697933136,58.7240967683992,38.424714855519
1108071,"월곡1동","성북구",38.0507961963261,33.6849895104818,39.5804719126712,46.0015567551196,45.1380708250758,44.5022847171279,48.0613955628283,43.2501346785585,49.2878288352327,39.0054308114156
1108072,"월곡2동","성북구",38.0507961963261,46.5342055962379,51.4919371781687,46.8967889247488,48.5183759772855,32.5277632973913,47.256648860889,45.284932329672,68.1603647015657,46.2643802601228
1124082,"위례동","송파구",67.095149650854,35.1964788100642,48.6952592697427,49.8702612478592,46.1944161851413,45.7024037903754,40.1748778838232,43.1047919891932,58.7240967683992,39.2957887893639
1121078,"은천동","관악구",41.5834780645252,55.6133296462537,54.7004240178386,46.2391028466393,43.3422837129644,43.835551898657,50.9584836898098,49.6452130106296,68.1603647015657,46.8450962160194
1102060,"을지로동","중구",67.2585335269248,27.4363356096299,11.7891803000012,88.4179866473916,164.610731048486,32.6611098610855,77.6760741941945,54.7322071384135,49.2878288352327,52.0715398190886
1104058,"응봉동","성동구",23.459090106092,33.9130590091216,41.9664478434959,47.6293243876336,51.3705084494624,30.2608717145905,38.5653844799446,33.5121744910865,39.8515609020663,34.9404191201395
1112059,"응암1동","은평구",43.9220883536943,42.5427991909544,48.2345414964809,46.6456318938249,45.9831471131282,50.6362266470597,46.4519021589497,49.572541665947,30.4152929688998,47.425812171916
1112060,"응암2동","은평구",43.6584454402397,40.1074692559886,42.4377926010747,48.2656547279673,47.673299689233,44.5022847171279,39.6920298626596,34.6749160060086,30.4152929688998,36.1018510319327
1112073,"응암3동","은평구",43.5417998601593,44.3366885645691,39.5357245848265,46.1655902182581,44.9268017530627,33.4611892432505,57.7183559860999,63.4527685003287,30.4152929688998,50.6197499293472
1106089,"이문1동","동대문구",31.405394665254,71.4723744041181,57.8568851541034,45.832760313997,43.447918248971,33.861228934333,47.5785475416647,51.0986399042822,49.2878288352327,50.6197499293472
1106090,"이문2동","동대문구",31.4416676793363,40.7946458389235,40.3550826023855,48.4309423278582,46.7225888651741,55.6767267546992,43.0719660108047,39.1805393763314,49.2878288352327,39.2957887893639
1103063,"이촌1동","용산구",48.3856026148606,24.3299436004716,40.6634748692782,46.7249527048549,45.1380708250758,34.6613083164981,50.1537369878705,51.31665393833,30.4152929688998,50.3293919513989
1103064,"이촌2동","용산구",48.3856026148606,44.0001605901929,44.3184690663961,54.704883158674,59.6100022579734,32.6611098610855,39.6920298626596,34.4569019719607,30.4152929688998,35.8114930539844
1103065,"이태원1동","용산구",52.1171419183736,53.9860793660736,53.7716933694488,54.6649075673387,61.4057893700848,31.460990787838,48.5442435839919,73.118057343118,39.8515609020663,52.9426137529335
1103066,"이태원2동","용산구",54.4357565814926,51.617847439884,56.0198478293613,51.9490030518355,57.1804079298227,35.1946945712748,41.9453206280896,58.0750889938143,39.8515609020663,46.2643802601228
1101064,"이화동","종로구",47.02319765173,65.2375287384047,79.2566565797289,53.7575592674193,66.1593434903796,45.3023640992929,45.8081047973983,57.6390609257186,30.4152929688998,67.7508706282963
1109075,"인수동","강북구",36.1861566246709,40.8835176273782,35.834215764638,45.3720029376204,43.6591873209841,35.3280411349689,49.6708889667069,43.9768481253848,39.8515609020663,42.1993685688468
1121062,"인헌동","관악구",41.5834780645252,78.2165968290745,73.2420960377963,46.7445356714406,44.6098981450431,35.5947342623572,49.6708889667069,46.5203451892767,68.1603647015657,49.458318017554
1123073,"일원1동","강남구",46.5283330651589,52.7410391440426,49.185448730283,54.7328679429705,49.1521831933248,43.4355122075745,42.5891179896411,40.9973229933971,68.1603647015657,45.393306326278
1123074,"일원2동","강남구",69.3950917168262,46.9283452242633,43.9818136689091,56.9182025135738,49.8916249453706,44.9023244082104,40.1748778838232,36.2736855890263,105.905436434232,37.8439988996224
1123072,"일원본동","강남구",65.3597813924072,30.8086791847862,36.183202023022,53.6011533000266,46.6169543291675,31.9943770426147,41.6234219473139,36.8550563464874,68.1603647015657,37.8439988996224
1105064,"자양1동","광진구",56.8564913833952,61.1909671558523,64.2906135068747,47.4555566356997,45.7718780411151,32.1277236063088,48.7051929243797,47.828429393564,39.8515609020663,50.3293919513989
1105065,"자양2동","광진구",58.3287541439971,53.2973796336711,51.7640499659507,47.4910879505265,45.2437053610824,44.2355915897395,44.0376620531318,40.4886235806187,39.8515609020663,43.0704425026916
1105066,"자양3동","광진구",58.5928681392128,44.4574235181791,51.8924976744899,47.599373836647,45.1380708250758,34.6613083164981,54.3384198379548,55.4589205852398,39.8515609020663,54.1040456647266
1105067,"자양4동","광진구",58.2860820073537,54.1431877254724,49.6175636980493,48.0895406357234,44.7155326810496,43.1688190801862,63.6734815804507,59.3831731981016,39.8515609020663,62.2340690472788
1124079,"잠실2동","송파구",47.9152162154768,19.33261577923,41.3316707853929,47.891151372144,44.2929945370234,44.9023244082104,45.6471554570104,40.8519803040318,77.5966326347321,44.2318744144848
1124080,"잠실3동","송파구",47.9152162154768,32.9857668563057,47.7558425968828,47.7105876204989,44.39862907303,44.2355915897395,50.1537369878705,48.991170908486,77.5966326347321,44.5222323924331
1124075,"잠실4동","송파구",69.3665282501905,43.0184766084429,56.7585513798124,48.8398154202102,45.0324362890693,57.5435786464176,39.3701311818839,34.1662165932302,58.7240967683992,34.9404191201395
1124077,"잠실6동","송파구",69.3665282501905,40.129139688261,49.1497347833279,54.2048171741084,52.7437574175475,33.5945358069447,52.2460784129127,61.1272854704846,58.7240967683992,60.2015632016407
1124078,"잠실7동","송파구",47.9152162154768,25.1771853661081,40.4974728510112,62.8086947456228,57.0747733938161,46.3691366088463,39.6920298626596,33.5848458357692,77.5966326347321,34.6500611421912
1124071,"잠실본동","송파구",47.9152162154768,66.8854594704003,78.8968209142261,46.8773100422038,45.4549744330955,33.5945358069447,54.4993691783427,73.2634000324833,77.5966326347321,69.7833764739343
1122055,"잠원동","서초구",45.5781441736524,38.4025258749481,53.6893162028753,46.1302855764985,43.1310146409513,31.9943770426147,45.9690541377861,60.5459147130236,49.2878288352327,56.1365515103647
1106087,"장안1동","동대문구",51.0564130054112,52.5845029369875,50.8688499719309,45.1813696802836,43.9760909290037,45.1690175355987,54.9822171995063,59.7465299215147,39.8515609020663,52.3618977970369
1106088,"장안2동","동대문구",51.0564130054112,44.044262954699,41.6289240449334,46.3962908057419,45.2437053610824,71.9183382126496,56.5917106033849,63.3074258109634,39.8515609020663,56.426909488313
1108076,"장위1동","성북구",46.2961743604492,42.7850171690145,31.8746866832996,46.843421393366,46.6169543291675,70.4515260120134,42.2672193088654,41.3606797168102,30.4152929688998,38.1343568775707
1108077,"장위2동","성북구",37.4049036534431,41.9632467435235,32.1406621562328,47.921340961494,47.2507615452068,86.0264046514924,54.6603185187305,46.5203451892767,30.4152929688998,39.2957887893639
1108078,"장위3동","성북구",30.4971642262149,34.9630021490592,28.7220442298537,51.023949861914,54.1170063856327,68.3446503056454,42.9110166704168,36.6370423124395,30.4152929688998,36.1018510319327
1124081,"장지동","송파구",35.1647758920438,47.2470016105223,48.2197984798743,47.2821928123344,44.5042636090365,63.5441740126553,48.383294243604,43.3228060232411,58.7240967683992,43.9415164365365
1102058,"장충동","중구",38.0928999439686,90.7384439121507,68.26535689513,62.4465905522702,78.7298532751592,55.2766870636169,46.9347501801133,42.7414352657801,39.8515609020663,47.425812171916
1106083,"전농1동","동대문구",40.7304751203814,47.8485800778017,39.9195090191262,45.9236833098219,44.6098981450431,61.5439755572431,73.9742393652737,54.8775498277787,49.2878288352327,50.6197499293472
1106084,"전농2동","동대문구",40.7304751203814,36.0059039371744,36.3218970032512,49.3413071160086,47.673299689233,69.3847535024602,42.5891179896411,40.1979382018882,49.2878288352327,43.3608004806399
1108062,"정릉1동","성북구",33.770247076532,38.3668050167762,41.943651209059,48.2221266769775,48.5183759772855,64.6109465222085,44.0376620531318,39.3258820656967,30.4152929688998,39.0054308114156
1108063,"정릉2동","성북구",33.4590204184333,41.4288415778257,37.8333242172622,46.4971415298703,45.8775125771217,74.1852297954503,44.8424087550711,42.3054071976843,30.4152929688998,40.7475786791053
1108064,"정릉3동","성북구",33.4215491839622,58.9244022668302,39.55802748049,47.7741874279548,49.7859904093641,70.9849122667901,47.9004462224404,47.247058636103,30.4152929688998,44.5222323924331
1108065,"정릉4동","성북구",34.4530885349454,38.919692361925,42.1063977136665,45.8890196651362,45.3493398970889,73.3851504132851,49.3489902859312,43.9768481253848,30.4152929688998,43.0704425026916
1106082,"제기동","동대문구",44.824206788406,58.8254675443793,42.3130662986807,46.3368964542895,44.9268017530627,80.6925421037256,139.158722222357,65.4148948067596,39.8515609020663,47.7161701498643
1121072,"조원동","관악구",52.300531344179,77.4422652018418,68.1132770534828,48.6098185249519,48.3071069052724,56.3434595731701,52.2460784129127,53.0607662107131,39.8515609020663,49.7486759955023
1101061,"종로1.2.3.4가동","종로구",35.5313422524668,40.8185656878748,30.4122087949902,51.8707662183762,72.0748775067465,63.144134321573,132.720748606843,138.522267557482,68.1603647015657,138.017501291782
1101063,"종로5.6가동","종로구",32.389979627911,58.5739716945597,29.1441489726662,58.7294035602212,76.8284316270413,85.3596718330215,159.760237792003,61.1999568151673,39.8515609020663,50.3293919513989
1108084,"종암동","성북구",44.6303338872709,47.6129674388055,41.8046460740053,44.467056927363,42.497207424912,56.6101527005587,52.8898757744641,51.6073393170605,49.2878288352327,53.5233297088301
1111061,"중계1동","노원구",52.0268285594808,9.66580754633558,17.5321098447365,47.7953603600673,45.1380708250758,66.8511687922709,41.9453206280896,39.5438960997445,39.8515609020663,42.1993685688468
1111078,"중계2.3동","노원구",52.0268285594808,35.1043184362049,35.7144916528299,45.3382988798513,42.3915728889055,80.0791479107327,42.7500673300289,40.0525955125229,39.8515609020663,40.457220701157
1111064,"중계4동","노원구",40.7854600656473,31.9959490502665,28.6581519827068,48.2933967058993,46.8282234011806,71.945007525388,44.6814594146832,48.1917861169771,39.8515609020663,45.9740222821745
1111060,"중계본동","노원구",52.0268285594808,18.2234399142544,22.2816439864856,47.7292981909906,45.3493398970889,67.5445709234808,43.876712712744,44.4128761934805,39.8515609020663,47.425812171916
1105055,"중곡1동","광진구",53.4712513381413,64.4134990023521,61.7129459674253,50.0615212233524,49.9972594813772,71.3849519578724,54.4993691783427,45.6482890530852,39.8515609020663,45.9740222821745
1105056,"중곡2동","광진구",53.9641141791314,60.3756091147874,62.408198826238,48.0803231007899,46.3000507211479,60.8772427387722,49.1880409455433,46.8837019126898,39.8515609020663,59.3304892677959
1105057,"중곡3동","광진구",53.529712807567,57.6212577188656,48.8489670709276,49.4357209152794,48.8352795853051,63.410827448961,43.3938646915804,42.3054071976843,39.8515609020663,43.0704425026916
1105058,"중곡4동","광진구",53.1973661500221,50.8210776354276,47.5661265167256,46.6678876643478,43.7648218569906,59.9704861056517,56.9136092841606,47.6104153595161,39.8515609020663,53.2329717308818
1102068,"중림동","중구",44.2381660923562,42.4217927358068,44.1481901757285,51.5036428671978,58.764925969921,89.9467936241009,43.0719660108047,42.0873931636365,30.4152929688998,40.7475786791053
1121061,"중앙동","관악구",44.4666749691285,81.928761252956,86.9216532237201,49.541341352016,50.6310666974165,50.6362266470597,45.4862061166225,45.2122609849894,68.1603647015657,43.0704425026916
1107061,"중화1동","중랑구",54.3779250783512,54.7020649013191,49.2475110570151,48.7207903354203,47.3563960812134,54.5032769941906,45.6471554570104,38.2358118954573,49.2878288352327,36.9729249657776
1107062,"중화2동","중랑구",53.2768427222643,48.4465395135687,39.7288821892964,46.0633846471977,44.1873600010168,64.0775602674319,53.050825114852,56.4036480661139,49.2878288352327,47.1354541939677
1112067,"증산동","은평구",62.4943344990048,44.6205643704103,40.444895816594,49.6195895026962,50.1028940173837,42.1020465706328,42.2672193088654,41.796707784906,58.7240967683992,40.7475786791053
1112071,"진관동","은평구",42.4970806010245,23.7975256456186,40.1426429379634,44.5102871444189,42.497207424912,57.010192391641,55.6260145610577,52.0433673851563,39.8515609020663,50.0390339734506
1110059,"창1동","도봉구",37.2872867604834,41.2442105725444,41.0178405115043,44.5038043771323,44.7155326810496,44.5022847171279,43.3938646915804,40.0525955125229,49.2878288352327,43.0704425026916
1110060,"창2동","도봉구",37.7201261194728,46.5735593816231,46.3088471228837,44.1857479663098,44.1873600010168,56.3434595731701,53.5336731360155,44.703561572211,49.2878288352327,41.3282946350019
1110061,"창3동","도봉구",38.3069175434288,41.1724294015154,34.4338397079543,46.2228442174561,50.736701233423,57.2768855190296,52.8898757744641,45.3576036743547,49.2878288352327,40.1668627232088
1110062,"창4동","도봉구",38.04180717979,37.4255582902825,39.9585714763799,44.5921809657017,45.560608969102,57.2768855190296,47.256648860889,41.1426656827623,49.2878288352327,41.0379366570536
1110063,"창5동","도봉구",38.3596662374165,44.9803618892926,47.071491125312,44.778283159941,46.1944161851413,57.4102320827233,44.8424087550711,42.8867779551454,49.2878288352327,47.1354541939677
1101067,"창신1동","종로구",43.4736133851915,40.7631237076465,24.9689672240098,59.5465260969738,70.2790903946351,80.479187601815,67.858164430535,44.0495194700674,49.2878288352327,43.9415164365365
1101068,"창신2동","종로구",43.4736133851915,42.5647814719459,29.2503362499724,54.4890733342093,56.0184280337506,78.7456822737908,40.6577259049868,37.509098448631,49.2878288352327,38.7150728334673
1101069,"창신3동","종로구",43.4736133851915,44.7635229164494,42.4641973800093,60.4336641494202,63.5184800902158,48.3693350642588,38.082536458781,32.640118354895,49.2878288352327,34.359703164243
1113052,"천연동","서대문구",30.3295910245,39.0767750714033,41.0238692269895,47.0910080231015,47.9902032972527,45.435710662987,51.6022810513612,45.284932329672,39.8515609020663,41.0379366570536
1125061,"천호1동","강동구",56.9876432553459,49.481448689539,44.3214855815311,45.9573884848812,44.6098981450431,54.2099145540637,43.5548140319682,44.9215756062589,58.7240967683992,40.7475786791053
1125073,"천호2동","강동구",56.834401801263,53.1833820671652,49.3924297578264,44.8708629538311,44.0817254650103,68.584674120295,58.5231026880392,70.5745602792261,58.7240967683992,63.1051429811236
1125063,"천호3동","강동구",56.9577194169588,56.227402537968,51.1077913155036,45.8239678539555,44.9268017530627,53.676528299287,45.8081047973983,50.0812410787254,58.7240967683992,48.5872440837092
1102072,"청구동","중구",48.1866094561525,48.7173140482427,49.6558257019494,50.3402965623016,50.9479703054362,67.6512481744361,40.9796245857625,38.671839963553,68.1603647015657,41.0379366570536
1123078,"청담동","강남구",87.7437063414043,44.8874180383711,61.1896531899391,49.8708795936683,48.2014723692658,54.0765679903693,62.3858868573478,77.7690234028061,39.8515609020663,79.3651897462278
1106080,"청량리동","동대문구",38.5954610516842,39.3585401065213,30.0849901325644,47.2876727350156,46.8282234011806,68.584674120295,45.3252567762347,47.7557580488813,30.4152929688998,44.8125903703814
1121080,"청룡동","관악구",51.9200741714675,91.1236917451824,95.9107478998579,45.672164827429,44.7155326810496,68.3179809929064,53.5336731360155,53.4967942788088,68.1603647015657,54.9751195985715
1121054,"청림동","관악구",50.6827517090942,50.1091975051529,49.2057386370403,52.1538821191791,49.574721337351,58.4770045922771,40.1748778838232,35.1109440741043,68.1603647015657,36.6825669878293
1101072,"청운효자동","종로구",47.9945985948271,35.6291277082156,45.2957992070197,51.6983049083155,53.3775646335868,54.609954245146,45.9690541377861,47.9011007382466,49.2878288352327,47.425812171916
1103071,"청파동","용산구",43.3307466388679,57.0828482524315,68.5041887242573,46.5178823961555,47.0394924731937,67.9179413018241,49.6708889667069,48.3371288063423,30.4152929688998,45.9740222821745
1113073,"충현동","서대문구",42.0720361144003,49.9714423756901,48.1083321070615,46.8246523762618,50.2085285533903,58.2103114648885,53.5336731360155,70.0658608664477,49.2878288352327,63.1051429811236
1101056,"평창동","종로구",91.0050513556316,34.4566823303576,37.306061339872,48.8671969069086,48.8352795853051,57.1435389553353,45.4862061166225,46.1569884658636,30.4152929688998,51.2004658852438
1124051,"풍납1동","송파구",37.0202126099434,48.20109785852,43.2146981943994,52.4728845182526,49.574721337351,58.6103511559709,42.2672193088654,40.1252668572055,30.4152929688998,37.2632829437259
1124052,"풍납2동","송파구",38.578381487424,47.1603162086129,62.8946589808127,48.8736843035358,47.3563960812134,70.3181794483192,41.7843712877018,40.0525955125229,30.4152929688998,41.0379366570536
1102057,"필동","중구",44.3667963103256,61.1483247551536,46.1482454195078,66.2000820126305,84.5397527555196,81.6259680495851,44.3595607339075,54.3688504150004,49.2878288352327,55.5558355544681
1111058,"하계1동","노원구",39.4902589362384,39.3669565225889,33.0857107871039,46.2310294845241,44.7155326810496,53.4098351718984,42.4281686492532,42.0873931636365,39.8515609020663,41.9090105908985
1111059,"하계2동","노원구",39.4902589362384,31.7064212593111,35.0782945093482,48.3562530776543,45.3493398970889,58.2103114648885,39.209181841496,33.5121744910865,39.8515609020663,34.6500611421912
1103073,"한강로동","용산구",61.5819915900911,51.4364096702561,54.2499620473777,47.134593843336,55.9127934977441,55.1433404999226,66.4096203670443,65.8509228748554,77.5966326347321,72.3965982754689
1103074,"한남동","용산구",89.2523003150964,58.012676965848,62.0105802369242,46.3709781964412,48.8352795853051,58.4770045922771,50.6365850090341,74.4261415474053,49.2878288352327,67.7508706282963
1114068,"합정동","마포구",50.4046669901235,68.7456285138501,82.714864085247,49.1536473434823,48.4127414412789,63.5441740126553,45.6471554570104,59.1651591640537,30.4152929688998,56.426909488313
1104056,"행당1동","성동구",39.5094938256544,51.5449131769165,51.8060154160672,47.5405517042654,51.0536048414427,67.9179413018241,45.3252567762347,45.5029463637199,68.1603647015657,43.6511584585882
1104057,"행당2동","성동구",39.4480482626548,38.6026073682794,46.8981297757008,45.6561754905672,46.0887816491348,60.2105099203013,41.6234219473139,37.6544411379962,68.1603647015657,38.7150728334673
1121057,"행운동","관악구",31.5885757200775,87.7262168408727,89.4303302360526,45.9257991876745,44.1873600010168,55.1433404999226,51.1194330301976,48.991170908486,68.1603647015657,48.0065281278126
1101073,"혜화동","종로구",48.1342428122883,77.1588945163925,68.613831263687,47.7106286151279,47.5676651532265,72.4517244674262,49.3489902859312,69.1211333855736,39.8515609020663,72.6869562534172
1113066,"홍은1동","서대문구",39.3575968226129,37.2873878510405,33.4077111606316,46.3201077360996,46.1944161851413,60.2105099203013,43.0719660108047,42.959449299828,30.4152929688998,39.5861467673122
1113068,"홍은2동","서대문구",39.3575968226129,43.4579316902785,39.8679594652318,45.3277936492007,44.7155326810496,68.3179809929064,44.8424087550711,47.3924013254682,30.4152929688998,44.8125903703814
1113062,"홍제1동","서대문구",52.7072270730418,42.1399370526254,41.0401430770432,46.4446014422116,45.7718780411151,54.3432611177574,41.1405739261503,40.3432808912534,49.2878288352327,41.9090105908985
1113065,"홍제2동","서대문구",52.7072270730418,38.8175003149101,41.8717334857441,49.3662870931533,51.3705084494624,56.3434595731701,39.0482325011082,35.6196434868827,49.2878288352327,35.8114930539844
1113064,"홍제3동","서대문구",49.7319008573914,39.0975868295167,33.775281184655,47.9963166325197,49.2578177293313,42.9021259527978,49.0270916051555,43.2501346785585,49.2878288352327,42.1993685688468
1116073,"화곡1동","강서구",55.0717730289774,72.4063145581325,66.5198720829514,44.3834037822686,41.4408620648465,48.5026816279529,55.304115880282,60.5459147130236,58.7240967683992,60.7822791575373
1116057,"화곡2동","강서구",59.3972560819696,55.1497480505637,52.3233509934509,49.7696568620929,47.5676651532265,56.2101130094758,45.1643074358468,34.7475873506912,58.7240967683992,38.424714855519
1116058,"화곡3동","강서구",63.1948835759526,48.607876658363,52.2874258015924,49.0064354536944,47.2507615452068,54.0765679903693,46.2909528185618,45.5756177084025,58.7240967683992,50.6197499293472
1116059,"화곡4동","강서구",59.8517983688942,55.9116091565991,48.9974662263237,48.4878161450526,46.511319793161,41.8353534432444,48.2223449032162,45.3576036743547,58.7240967683992,50.3293919513989
1116061,"화곡6동","강서구",55.8782190219081,57.6904408723717,57.7840645693529,47.8144101930364,47.0394924731937,45.1690175355987,50.9584836898098,63.3800971556461,58.7240967683992,64.2665748929168
1116063,"화곡8동","강서구",61.4353650459218,58.316391699141,57.5789440074242,47.4695479995996,45.0324362890693,56.7434992642524,48.7051929243797,43.1774633338759,58.7240967683992,45.6836643042263
1116055,"화곡본동","강서구",38.5539069688329,63.429797200932,61.6575763928391,45.9253729124585,43.2366491769579,44.5022847171279,46.6128514993376,44.2675335041153,58.7240967683992,43.9415164365365
1105053,"화양동","광진구",34.5364123970921,115.399073892156,134.999568846492,46.0387072289786,46.511319793161,45.9690969177637,58.5231026880392,85.0361578710688,58.7240967683992,99.1095322467115
1102067,"황학동","중구",55.9392865728793,64.4266422417662,66.6012709401715,50.40542774868,54.1170063856327,65.9177428464114,51.6022810513612,42.0147218189538,30.4152929688998,39.8765047452605
1106071,"회기동","동대문구",32.0067980812233,85.7417307319155,86.3684168315629,51.6155390681353,55.8071589617375,46.6358297362346,42.5891179896411,51.31665393833,30.4152929688998,49.7486759955023
1102054,"회현동","중구",45.3797584593915,24.7352554019208,28.663514066869,58.6560271167682,84.5397527555196,48.9027213190355,198.388079485089,75.0801836495489,58.7240967683992,72.9773142313655
1103058,"효창동","용산구",61.5420025432541,46.3990107631229,49.2910540445021,55.1294471661088,59.2930986499537,41.8353534432444,39.5310805222717,34.3115592825954,39.8515609020663,36.1018510319327
1103051,"후암동","용산구",57.442611463056,51.5120936788796,46.3138021809635,47.642632236504,48.0958378332593,57.4102320827233,43.876712712744,39.7619101337924,30.4152929688998,38.1343568775707
1106072,"휘경1동","동대문구",32.2403907876699,66.9968632485097,63.2058922987948,50.2197076063254,51.7930465934886,45.7024037903754,41.1405739261503,42.3054071976843,39.8515609020663,40.457220701157
1106073,"휘경2동","동대문구",32.1857732797262,60.7850239045637,52.9237496549496,46.9936549992654,45.8775125771217,64.8776396495971,44.1986113935197,39.5438960997445,39.8515609020663,41.6186526129502
1120071,"흑석동","동작구",44.6780457541892,54.7606670199502,48.1843678492044,44.8257970298641,43.2366491769579,66.6111449776213,45.9690541377861,50.3719264574559,39.8515609020663,45.393306326278
